ID;Nombre;Edad;Facultad
0;Harlan;31;Artes Contemporáneas
1;Ava;29;Comunicaciones
2;Justin;24;Comunicaciones
3;Leila;22;Diseño
4;Fatima;20;Artes Contemporáneas
5;Leslie;22;Educación
6;Hayden;22;Derecho
7;Amena;22;Arquitectura
8;Adele;20;Diseño
9;Gretchen;22;Arquitectura
10;Chelsea;27;Comunicaciones
11;Carly;24;Arquitectura
12;Mechelle;20;Diseño
13;Karina;29;Arquitectura
14;Channing;18;Ingeniería
15;Quynn;29;Comunicaciones
16;Upton;27;Derecho
17;Marvin;22;Ciencias Humanas
18;Keegan;31;Derecho
19;Aimee;21;Ciencias de la Salud
20;Dillon;20;Ciencias Humanas
21;Barclay;27;Comunicaciones
22;Lynn;29;Diseño
23;Wayne;17;Economía
24;Brenda;25;Negocios
25;Arthur;27;Negocios
26;James;23;Negocios
27;Claudia;30;Derecho
28;Susan;20;Comunicaciones
29;Amity;17;Administracion en Hotelería y Turismo
30;Signe;28;Artes Contemporáneas
31;Zeus;19;Educación
32;Jin;27;Negocios
33;Jacob;29;Comunicaciones
34;Amena;19;Psicología
35;Richard;19;Derecho
36;Ferris;26;Economía
37;Yasir;26;Ingeniería
38;Mariam;22;Economía
39;Ginger;17;Educación
40;Zahir;29;Administracion en Hotelería y Turismo
41;Grant;18;Ingeniería
42;Tobias;29;Diseño
43;Thomas;30;Diseño
44;Aaron;29;Negocios
45;Warren;23;Arquitectura
46;Ignacia;28;Derecho
47;Adria;20;Economía
48;Stacy;17;Educación
49;Ainsley;21;Ingeniería
50;Melodie;23;Arquitectura
51;Gillian;24;Ciencias de la Salud
52;Isaac;17;Negocios
53;Stephen;20;Economía
54;Mannix;27;Artes Contemporáneas
55;Nevada;30;Derecho
56;Tucker;17;Arquitectura
57;Honorato;24;Arquitectura
58;Gail;25;Derecho
59;Thomas;22;Derecho
60;Baker;21;Economía
61;Fatima;20;Derecho
62;Colorado;30;Artes Contemporáneas
63;Kieran;29;Administracion en Hotelería y Turismo
64;Robin;18;Ciencias de la Salud
65;Caldwell;18;Educación
66;Camille;24;Arquitectura
67;Scarlett;23;Ciencias Humanas
68;Katia;17;Artes Contemporáneas
69;Lev;17;Derecho
70;Tanner;18;Diseño
71;Sade;25;Ingeniería
72;Micah;22;Psicología
73;Keaton;22;Ciencias Humanas
74;Anastasia;28;Arquitectura
75;Cullen;31;Negocios
76;September;18;Economía
77;Micah;19;Ciencias Humanas
78;Zelda;28;Artes Contemporáneas
79;Cameron;17;Negocios
80;Hadassah;26;Negocios
81;Plato;21;Artes Contemporáneas
82;Xena;17;Artes Contemporáneas
83;Hilel;19;Diseño
84;Jorden;28;Arquitectura
85;Adara;24;Derecho
86;Amal;26;Economía
87;Kenyon;20;Arquitectura
88;Jena;19;Diseño
89;James;25;Artes Contemporáneas
90;Tad;21;Comunicaciones
91;Jenette;28;Arquitectura
92;Teagan;20;Administracion en Hotelería y Turismo
93;Erasmus;24;Economía
94;Jasmine;22;Diseño
95;Kevin;31;Derecho
96;Ria;17;Educación
97;Brynn;26;Artes Contemporáneas
98;Kaitlin;18;Derecho
99;Oren;24;Derecho
100;Calvin;27;Negocios
101;Cathleen;27;Ciencias Humanas
102;Thomas;20;Arquitectura
103;Faith;17;Arquitectura
104;Quentin;29;Negocios
105;Rhiannon;27;Ciencias Humanas
106;Charlotte;17;Negocios
107;Ayanna;31;Diseño
108;Patience;27;Ciencias de la Salud
109;Zahir;30;Educación
110;Summer;18;Negocios
111;Stephen;31;Economía
112;Adara;19;Psicología
113;Chase;22;Ciencias Humanas
114;Kieran;29;Derecho
115;Quynn;20;Artes Contemporáneas
116;Jonah;21;Artes Contemporáneas
117;Bruno;29;Ciencias de la Salud
118;Harper;18;Negocios
119;Colin;21;Psicología
120;Winifred;28;Arquitectura
121;Sarah;31;Ciencias de la Salud
122;Wynne;27;Ingeniería
123;Ryder;19;Artes Contemporáneas
124;Glenna;26;Comunicaciones
125;Latifah;21;Psicología
126;Amity;21;Negocios
127;Miriam;26;Psicología
128;Rowan;22;Diseño
129;Madeline;20;Arquitectura
130;Teagan;20;Artes Contemporáneas
131;Hayes;28;Derecho
132;Dillon;24;Economía
133;Hamilton;26;Arquitectura
134;Wanda;23;Ciencias de la Salud
135;Phoebe;19;Educación
136;Maite;19;Negocios
137;Maxine;18;Ingeniería
138;Florence;21;Ciencias de la Salud
139;Joshua;24;Economía
140;Lacy;25;Ciencias de la Salud
141;Paula;26;Educación
142;Piper;22;Negocios
143;Marah;25;Ciencias Humanas
144;Abraham;30;Administracion en Hotelería y Turismo
145;Chantale;27;Diseño
146;Tate;17;Comunicaciones
147;Beck;28;Administracion en Hotelería y Turismo
148;Wang;29;Ingeniería
149;Cullen;27;Negocios
150;Lev;23;Derecho
151;Liberty;22;Administracion en Hotelería y Turismo
152;Candice;21;Psicología
153;Rinah;28;Ciencias Humanas
154;Dominique;28;Comunicaciones
155;Armand;31;Arquitectura
156;Jorden;30;Ingeniería
157;Latifah;17;Diseño
158;Glenna;30;Educación
159;Melodie;21;Artes Contemporáneas
160;Micah;20;Educación
161;Tanya;26;Artes Contemporáneas
162;Joshua;31;Administracion en Hotelería y Turismo
163;Ria;22;Negocios
164;Jena;26;Derecho
165;Colorado;22;Administracion en Hotelería y Turismo
166;Lynn;28;Artes Contemporáneas
167;Xenos;31;Administracion en Hotelería y Turismo
168;Genevieve;25;Ingeniería
169;Burton;17;Ciencias Humanas
170;Paula;20;Ciencias Humanas
171;Beau;26;Ciencias de la Salud
172;Hilary;24;Derecho
173;Amir;20;Derecho
174;Michelle;31;Ciencias Humanas
175;Cody;26;Diseño
176;Burke;22;Diseño
177;Cooper;24;Negocios
178;Oren;22;Ciencias Humanas
179;Camilla;22;Arquitectura
180;Martina;18;Negocios
181;Adena;18;Diseño
182;Len;30;Diseño
183;Octavius;21;Ingeniería
184;Bert;21;Ingeniería
185;Amos;22;Ciencias Humanas
186;Scarlet;28;Economía
187;Howard;17;Ciencias de la Salud
188;Quynn;17;Ciencias de la Salud
189;Karina;26;Ingeniería
190;Tucker;17;Artes Contemporáneas
191;Quemby;28;Administracion en Hotelería y Turismo
192;Flavia;23;Economía
193;Otto;25;Ciencias Humanas
194;Gail;18;Arquitectura
195;Ava;17;Derecho
196;Cade;29;Negocios
197;Reed;19;Artes Contemporáneas
198;Gray;29;Diseño
199;Maxine;18;Artes Contemporáneas
200;Leo;30;Psicología
201;Christian;31;Ingeniería
202;Tanya;31;Ciencias Humanas
203;Courtney;28;Artes Contemporáneas
204;Kevyn;31;Derecho
205;Mark;18;Ciencias Humanas
206;Ayanna;23;Derecho
207;Alika;26;Negocios
208;Flavia;24;Economía
209;Raja;31;Ciencias Humanas
210;Hop;25;Derecho
211;Cadman;25;Economía
212;Garrison;17;Diseño
213;Willa;19;Diseño
214;Eve;22;Diseño
215;Imani;20;Negocios
216;Beck;20;Comunicaciones
217;Vladimir;18;Administracion en Hotelería y Turismo
218;Callie;20;Educación
219;Daria;23;Ciencias de la Salud
220;Marsden;31;Psicología
221;Quentin;22;Ciencias Humanas
222;Garrison;28;Negocios
223;Colin;27;Comunicaciones
224;Michelle;24;Derecho
225;Bevis;22;Derecho
226;Cecilia;26;Economía
227;Hasad;24;Ciencias Humanas
228;Allistair;26;Administracion en Hotelería y Turismo
229;Keely;30;Ciencias de la Salud
230;Tad;30;Diseño
231;Idona;19;Educación
232;Jarrod;21;Derecho
233;Maris;19;Administracion en Hotelería y Turismo
234;Gabriel;21;Artes Contemporáneas
235;Chelsea;23;Ingeniería
236;Cynthia;30;Comunicaciones
237;Flavia;19;Psicología
238;Mona;31;Psicología
239;Carter;17;Administracion en Hotelería y Turismo
240;Caldwell;31;Ingeniería
241;Keaton;31;Psicología
242;Donna;22;Ciencias de la Salud
243;Quyn;21;Educación
244;Carolyn;31;Ciencias de la Salud
245;Echo;25;Educación
246;Doris;23;Negocios
247;Demetria;31;Psicología
248;Emmanuel;21;Artes Contemporáneas
249;Uriel;17;Ciencias Humanas
250;Armand;20;Administracion en Hotelería y Turismo
251;Graham;27;Diseño
252;Maryam;29;Psicología
253;Freya;22;Economía
254;Joseph;23;Ciencias de la Salud
255;Bevis;22;Negocios
256;Robert;28;Administracion en Hotelería y Turismo
257;Octavius;28;Derecho
258;Olga;21;Economía
259;Lacy;21;Negocios
260;Kelsie;23;Ingeniería
261;Vernon;26;Ingeniería
262;Keegan;24;Arquitectura
263;Garrett;19;Psicología
264;Joshua;17;Arquitectura
265;Keegan;27;Diseño
266;Neville;25;Educación
267;Aimee;29;Ciencias Humanas
268;Sacha;29;Economía
269;Caleb;29;Derecho
270;Adena;30;Ciencias Humanas
271;Channing;29;Arquitectura
272;Colleen;27;Negocios
273;Serina;31;Arquitectura
274;Dustin;17;Comunicaciones
275;Chantale;27;Derecho
276;Cairo;29;Administracion en Hotelería y Turismo
277;Camden;21;Ingeniería
278;Adrian;20;Ciencias de la Salud
279;Xaviera;25;Ciencias de la Salud
280;Adele;29;Educación
281;Micah;17;Administracion en Hotelería y Turismo
282;Justine;17;Psicología
283;Sharon;19;Ciencias Humanas
284;Hilel;25;Administracion en Hotelería y Turismo
285;Dominique;18;Administracion en Hotelería y Turismo
286;Maritza;18;Educación
287;Timon;20;Comunicaciones
288;Dominic;24;Economía
289;Reece;18;Ciencias de la Salud
290;Stephen;22;Economía
291;Omar;26;Diseño
292;Oren;31;Ciencias Humanas
293;Melanie;19;Arquitectura
294;Quentin;19;Economía
295;Garrison;27;Diseño
296;Desiree;29;Ingeniería
297;Dieter;17;Artes Contemporáneas
298;Justin;19;Administracion en Hotelería y Turismo
299;Caleb;25;Ciencias de la Salud
300;Maxwell;23;Economía
301;Rhiannon;17;Educación
302;Arsenio;25;Administracion en Hotelería y Turismo
303;Kylynn;24;Negocios
304;Jennifer;17;Diseño
305;Maile;23;Economía
306;Yuri;29;Comunicaciones
307;Liberty;18;Ciencias Humanas
308;Willa;29;Artes Contemporáneas
309;Quon;25;Diseño
310;Mannix;22;Ciencias Humanas
311;Cynthia;23;Negocios
312;Mechelle;19;Negocios
313;Boris;18;Ciencias Humanas
314;Iris;29;Economía
315;Camden;28;Negocios
316;Courtney;30;Ciencias de la Salud
317;Keegan;30;Ciencias Humanas
318;Caesar;26;Artes Contemporáneas
319;Leonard;26;Psicología
320;Kennedy;22;Ciencias de la Salud
321;Angela;27;Administracion en Hotelería y Turismo
322;Edward;17;Arquitectura
323;Joan;28;Artes Contemporáneas
324;Galvin;26;Administracion en Hotelería y Turismo
325;Ora;25;Artes Contemporáneas
326;Teagan;31;Comunicaciones
327;Callie;28;Administracion en Hotelería y Turismo
328;Morgan;31;Ciencias de la Salud
329;Aimee;29;Negocios
330;Ferris;24;Negocios
331;Jason;19;Negocios
332;Leo;24;Administracion en Hotelería y Turismo
333;Harriet;22;Economía
334;Reece;27;Ciencias de la Salud
335;Unity;29;Economía
336;Colorado;24;Derecho
337;Cullen;30;Ciencias Humanas
338;Darius;17;Ciencias Humanas
339;Madeson;19;Arquitectura
340;Briar;21;Derecho
341;Eaton;23;Derecho
342;Jeremy;20;Economía
343;Carolyn;21;Arquitectura
344;Plato;30;Educación
345;Dora;30;Artes Contemporáneas
346;Dalton;26;Ingeniería
347;Cally;17;Negocios
348;Rigel;24;Arquitectura
349;Moses;25;Ingeniería
350;Emmanuel;21;Educación
351;Candace;28;Educación
352;Kelly;23;Administracion en Hotelería y Turismo
353;Paula;17;Ingeniería
354;Kevin;28;Educación
355;Marcia;27;Economía
356;Ciaran;30;Artes Contemporáneas
357;Kevin;30;Artes Contemporáneas
358;Jaquelyn;20;Ingeniería
359;Jesse;28;Negocios
360;Karina;23;Arquitectura
361;Zeus;27;Diseño
362;Kristen;28;Ciencias de la Salud
363;Mariko;27;Derecho
364;Constance;18;Comunicaciones
365;Kareem;21;Arquitectura
366;Joseph;18;Diseño
367;Yvette;20;Artes Contemporáneas
368;Lynn;20;Ingeniería
369;Wang;17;Economía
370;Glenna;30;Diseño
371;Cecilia;29;Educación
372;Unity;23;Economía
373;Paula;20;Administracion en Hotelería y Turismo
374;Malik;21;Arquitectura
375;Lamar;31;Ingeniería
376;Marah;24;Ingeniería
377;Rinah;31;Administracion en Hotelería y Turismo
378;Kimberley;25;Psicología
379;Yardley;30;Ingeniería
380;Ria;24;Administracion en Hotelería y Turismo
381;Jolene;29;Educación
382;Althea;24;Diseño
383;Jonah;18;Ingeniería
384;Timon;22;Administracion en Hotelería y Turismo
385;Burton;28;Psicología
386;Aiko;20;Economía
387;Cullen;30;Ciencias Humanas
388;Marvin;26;Economía
389;Lev;31;Negocios
390;Rajah;22;Diseño
391;Oliver;20;Educación
392;Griffith;26;Arquitectura
393;Beau;24;Derecho
394;Jasper;21;Psicología
395;Price;27;Psicología
396;Mariam;28;Artes Contemporáneas
397;Galvin;28;Educación
398;Castor;24;Ingeniería
399;Tamara;21;Economía
400;Hilel;19;Diseño
401;Whoopi;17;Educación
402;Sheila;17;Administracion en Hotelería y Turismo
403;Wilma;21;Ciencias Humanas
404;Amir;23;Administracion en Hotelería y Turismo
405;Bryar;28;Ciencias Humanas
406;Hakeem;26;Ciencias Humanas
407;Harding;21;Derecho
408;Elton;28;Arquitectura
409;Gay;29;Artes Contemporáneas
410;Nayda;23;Comunicaciones
411;Ebony;23;Negocios
412;Donna;23;Negocios
413;Fatima;20;Educación
414;Gabriel;17;Administracion en Hotelería y Turismo
415;Plato;18;Negocios
416;Jorden;17;Comunicaciones
417;Addison;25;Psicología
418;Hope;17;Diseño
419;Brennan;20;Ciencias de la Salud
420;Ulla;23;Administracion en Hotelería y Turismo
421;Philip;30;Economía
422;Trevor;31;Ciencias de la Salud
423;Colby;25;Artes Contemporáneas
424;Phoebe;23;Ciencias Humanas
425;Ariana;27;Diseño
426;Jermaine;18;Negocios
427;Lana;31;Artes Contemporáneas
428;Risa;22;Ciencias Humanas
429;Kevyn;29;Derecho
430;Phyllis;24;Ingeniería
431;Nasim;29;Derecho
432;Randall;19;Administracion en Hotelería y Turismo
433;Beck;29;Educación
434;Nash;23;Psicología
435;Kato;20;Negocios
436;Emi;17;Psicología
437;Iona;17;Ingeniería
438;Margaret;20;Ciencias Humanas
439;Kaitlin;20;Arquitectura
440;Rachel;18;Ciencias de la Salud
441;Blossom;19;Ingeniería
442;Ulysses;17;Comunicaciones
443;Clark;27;Ciencias Humanas
444;Amena;21;Economía
445;Kenneth;29;Ciencias de la Salud
446;Quamar;18;Diseño
447;Clarke;18;Ciencias Humanas
448;Akeem;26;Artes Contemporáneas
449;Kylynn;26;Psicología
450;Phoebe;21;Administracion en Hotelería y Turismo
451;Karina;24;Psicología
452;Joshua;28;Comunicaciones
453;Doris;29;Comunicaciones
454;Abraham;20;Negocios
455;Sonya;22;Psicología
456;Philip;17;Educación
457;Malik;17;Economía
458;Lana;21;Negocios
459;Lewis;24;Comunicaciones
460;Madaline;23;Ciencias Humanas
461;Kelsie;28;Negocios
462;Philip;26;Ingeniería
463;Madeson;23;Ingeniería
464;Teegan;30;Diseño
465;Thor;28;Educación
466;Minerva;27;Administracion en Hotelería y Turismo
467;Dolan;27;Artes Contemporáneas
468;Malik;24;Ciencias Humanas
469;Leigh;27;Diseño
470;Teagan;28;Artes Contemporáneas
471;Bert;25;Arquitectura
472;Randall;27;Derecho
473;Chelsea;26;Derecho
474;Randall;28;Diseño
475;Elton;29;Ciencias de la Salud
476;John;25;Economía
477;Brenda;26;Artes Contemporáneas
478;Signe;25;Negocios
479;Cecilia;28;Diseño
480;Shelley;27;Diseño
481;Ava;18;Ciencias de la Salud
482;Stephen;18;Arquitectura
483;Whitney;22;Ingeniería
484;Byron;18;Educación
485;Baxter;29;Ciencias de la Salud
486;Patricia;30;Psicología
487;Keegan;20;Administracion en Hotelería y Turismo
488;Burton;18;Administracion en Hotelería y Turismo
489;Omar;26;Diseño
490;Colleen;31;Administracion en Hotelería y Turismo
491;Chaim;23;Diseño
492;Glenna;27;Derecho
493;Nomlanga;24;Comunicaciones
494;Hunter;19;Artes Contemporáneas
495;Callie;31;Negocios
496;Cody;23;Ciencias Humanas
497;Benedict;26;Ciencias Humanas
498;Jerome;20;Administracion en Hotelería y Turismo
499;Christian;22;Comunicaciones
500;Eliana;20;Derecho
501;Sean;18;Diseño
502;Carla;22;Psicología
503;Keefe;23;Administracion en Hotelería y Turismo
504;September;23;Ciencias de la Salud
505;Ann;26;Psicología
506;Harding;24;Comunicaciones
507;Owen;30;Negocios
508;Stephen;20;Comunicaciones
509;Candace;19;Arquitectura
510;Kieran;18;Administracion en Hotelería y Turismo
511;Maile;25;Derecho
512;Raya;31;Arquitectura
513;Reagan;30;Psicología
514;Steven;17;Educación
515;Cullen;17;Artes Contemporáneas
516;Xyla;27;Ciencias Humanas
517;Rowan;20;Educación
518;Adena;31;Psicología
519;Gray;17;Psicología
520;Jessamine;31;Arquitectura
521;Tashya;21;Arquitectura
522;Aphrodite;19;Economía
523;Zephr;27;Administracion en Hotelería y Turismo
524;Thane;21;Diseño
525;Giacomo;21;Arquitectura
526;Constance;27;Arquitectura
527;Reed;25;Educación
528;Stephen;20;Administracion en Hotelería y Turismo
529;Vladimir;21;Economía
530;Chandler;20;Derecho
531;Rinah;18;Diseño
532;Lev;23;Educación
533;Xenos;26;Ciencias Humanas
534;Orla;22;Ciencias Humanas
535;McKenzie;27;Comunicaciones
536;Pearl;27;Economía
537;Galvin;18;Derecho
538;Reece;19;Negocios
539;Harding;26;Psicología
540;Lacey;23;Ciencias Humanas
541;Karyn;21;Comunicaciones
542;Dolan;19;Comunicaciones
543;Wendy;24;Educación
544;Ginger;28;Administracion en Hotelería y Turismo
545;Lane;25;Ciencias Humanas
546;Cameron;30;Ciencias de la Salud
547;Clinton;28;Economía
548;Lacy;19;Comunicaciones
549;Odysseus;22;Arquitectura
550;Sonia;25;Administracion en Hotelería y Turismo
551;Steven;20;Ciencias de la Salud
552;Nita;23;Administracion en Hotelería y Turismo
553;Dalton;23;Educación
554;Kenneth;27;Ciencias de la Salud
555;Chaim;30;Arquitectura
556;Leah;18;Economía
557;Ora;26;Ciencias de la Salud
558;Rachel;23;Negocios
559;Nathaniel;24;Administracion en Hotelería y Turismo
560;Coby;17;Ciencias de la Salud
561;Dalton;28;Comunicaciones
562;Alfonso;20;Economía
563;Nomlanga;31;Ciencias de la Salud
564;Raya;22;Administracion en Hotelería y Turismo
565;Lilah;17;Negocios
566;Alan;25;Ingeniería
567;Stacy;23;Diseño
568;Jarrod;28;Educación
569;MacKensie;27;Artes Contemporáneas
570;Lyle;26;Ingeniería
571;Phillip;28;Psicología
572;Kylynn;31;Diseño
573;Lev;24;Derecho
574;Eugenia;22;Derecho
575;Fatima;21;Derecho
576;Keegan;31;Negocios
577;Desirae;21;Psicología
578;Barclay;22;Arquitectura
579;Hyacinth;17;Arquitectura
580;Xaviera;24;Administracion en Hotelería y Turismo
581;Talon;26;Ciencias de la Salud
582;Jerome;21;Economía
583;Bryar;29;Derecho
584;Imani;21;Ciencias de la Salud
585;Candace;19;Ciencias de la Salud
586;Maia;27;Ingeniería
587;Sonya;18;Negocios
588;Zephania;28;Ingeniería
589;Caldwell;26;Psicología
590;Jenette;31;Arquitectura
591;Rhona;17;Ciencias Humanas
592;Alan;21;Psicología
593;Althea;21;Comunicaciones
594;Katell;31;Ciencias Humanas
595;Kevin;26;Comunicaciones
596;Armando;23;Artes Contemporáneas
597;Sade;29;Administracion en Hotelería y Turismo
598;Keaton;22;Artes Contemporáneas
599;Bert;23;Psicología
600;Oprah;25;Administracion en Hotelería y Turismo
601;Nita;31;Derecho
602;Demetrius;19;Comunicaciones
603;Louis;24;Ingeniería
604;Sheila;27;Arquitectura
605;Rebecca;17;Ciencias de la Salud
606;Nathaniel;31;Ingeniería
607;Gabriel;28;Artes Contemporáneas
608;Price;30;Arquitectura
609;Mariko;30;Economía
610;Rina;30;Ciencias de la Salud
611;Caldwell;30;Derecho
612;Elijah;19;Arquitectura
613;Hyacinth;19;Negocios
614;Keefe;26;Economía
615;Devin;24;Artes Contemporáneas
616;Mannix;19;Comunicaciones
617;Kasimir;26;Derecho
618;Dieter;20;Arquitectura
619;Quinn;25;Diseño
620;Ralph;30;Comunicaciones
621;Lyle;30;Ingeniería
622;Ann;20;Comunicaciones
623;Curran;21;Diseño
624;Ruby;21;Ciencias de la Salud
625;Quynn;25;Psicología
626;Akeem;24;Ciencias Humanas
627;Noble;29;Diseño
628;Channing;19;Economía
629;Anastasia;21;Comunicaciones
630;Moana;20;Negocios
631;Xyla;31;Administracion en Hotelería y Turismo
632;Emerson;25;Ingeniería
633;Hammett;18;Psicología
634;Josephine;26;Ciencias de la Salud
635;Chase;26;Diseño
636;Kennedy;23;Administracion en Hotelería y Turismo
637;Kasimir;25;Artes Contemporáneas
638;Eugenia;19;Psicología
639;Drake;30;Ingeniería
640;Mason;26;Derecho
641;Thomas;21;Negocios
642;Leslie;30;Artes Contemporáneas
643;Ralph;26;Ciencias Humanas
644;Alvin;26;Artes Contemporáneas
645;Carter;31;Arquitectura
646;Beck;22;Arquitectura
647;Adrian;23;Artes Contemporáneas
648;Brenna;18;Ciencias Humanas
649;Nichole;18;Derecho
650;Signe;23;Negocios
651;Phyllis;26;Diseño
652;Neville;21;Diseño
653;James;18;Administracion en Hotelería y Turismo
654;John;31;Diseño
655;Colorado;24;Psicología
656;Elaine;24;Ciencias Humanas
657;Seth;31;Negocios
658;Michelle;30;Arquitectura
659;Lester;25;Ciencias Humanas
660;Lacy;24;Derecho
661;Blythe;31;Artes Contemporáneas
662;Lacey;27;Comunicaciones
663;Oliver;19;Diseño
664;Kimberley;25;Diseño
665;Alice;19;Ingeniería
666;Lev;27;Psicología
667;Linda;25;Comunicaciones
668;Wang;24;Artes Contemporáneas
669;Amos;19;Derecho
670;Tatiana;24;Ingeniería
671;Kieran;18;Comunicaciones
672;Joshua;28;Arquitectura
673;Adam;17;Psicología
674;Diana;23;Arquitectura
675;Jada;18;Ciencias Humanas
676;Adrienne;23;Administracion en Hotelería y Turismo
677;Francesca;19;Comunicaciones
678;Kevyn;29;Arquitectura
679;Maritza;25;Ciencias Humanas
680;Lana;23;Derecho
681;Quentin;29;Artes Contemporáneas
682;Sydney;23;Comunicaciones
683;Kennedy;18;Arquitectura
684;Hanna;20;Educación
685;Tobias;21;Ciencias Humanas
686;Callie;18;Psicología
687;Galvin;29;Artes Contemporáneas
688;Stacy;26;Negocios
689;Kylynn;17;Diseño
690;James;24;Ciencias de la Salud
691;Maxwell;19;Ciencias de la Salud
692;Dolan;17;Economía
693;Ava;24;Administracion en Hotelería y Turismo
694;Wayne;27;Ingeniería
695;Stephen;30;Ciencias de la Salud
696;Shoshana;28;Educación
697;Stuart;30;Artes Contemporáneas
698;Indigo;23;Comunicaciones
699;Warren;28;Comunicaciones
700;Tobias;21;Artes Contemporáneas
701;Linda;25;Derecho
702;Paula;18;Administracion en Hotelería y Turismo
703;Juliet;22;Ciencias de la Salud
704;Cadman;31;Administracion en Hotelería y Turismo
705;Jessamine;27;Artes Contemporáneas
706;Gail;28;Negocios
707;Rhiannon;29;Psicología
708;Cairo;24;Negocios
709;Karen;18;Ciencias de la Salud
710;Emmanuel;19;Ciencias Humanas
711;Harlan;20;Educación
712;Tobias;17;Negocios
713;Miriam;23;Derecho
714;Oliver;23;Educación
715;Portia;23;Ciencias Humanas
716;Micah;20;Artes Contemporáneas
717;Shoshana;27;Educación
718;Colorado;17;Ciencias de la Salud
719;Rachel;27;Derecho
720;Rhiannon;21;Psicología
721;Sacha;28;Educación
722;Bruno;23;Ingeniería
723;Leo;22;Psicología
724;Roth;31;Economía
725;Mark;18;Diseño
726;Constance;28;Ciencias de la Salud
727;Ann;17;Ciencias Humanas
728;Bree;21;Economía
729;September;28;Educación
730;Kaitlin;30;Ciencias de la Salud
731;Mufutau;17;Psicología
732;Sawyer;18;Ingeniería
733;Edward;19;Economía
734;Cairo;22;Ingeniería
735;Sylvia;17;Artes Contemporáneas
736;Whoopi;22;Administracion en Hotelería y Turismo
737;September;27;Economía
738;Roth;30;Arquitectura
739;Faith;29;Psicología
740;Zephr;23;Ciencias de la Salud
741;Susan;28;Diseño
742;Simon;22;Ciencias de la Salud
743;Cadman;18;Psicología
744;Sonya;20;Ciencias de la Salud
745;Mariam;19;Educación
746;Porter;21;Administracion en Hotelería y Turismo
747;Isabella;27;Derecho
748;Iris;17;Psicología
749;Hollee;31;Artes Contemporáneas
750;Leslie;26;Arquitectura
751;Jasmine;30;Ciencias Humanas
752;Jade;19;Ciencias de la Salud
753;Fletcher;29;Psicología
754;Grant;20;Comunicaciones
755;Nomlanga;25;Psicología
756;Callie;26;Psicología
757;Lev;28;Diseño
758;Alec;21;Psicología
759;Amir;21;Psicología
760;Teagan;25;Ciencias Humanas
761;Sawyer;30;Comunicaciones
762;Clarke;18;Artes Contemporáneas
763;Malachi;19;Administracion en Hotelería y Turismo
764;Ann;29;Educación
765;Steven;30;Arquitectura
766;Lynn;20;Artes Contemporáneas
767;Wanda;28;Ingeniería
768;Kylynn;30;Ciencias Humanas
769;Stephen;22;Administracion en Hotelería y Turismo
770;Cyrus;24;Negocios
771;Leila;27;Diseño
772;Hilary;17;Negocios
773;Jena;26;Negocios
774;Edward;29;Psicología
775;Amena;26;Artes Contemporáneas
776;Stuart;19;Ciencias de la Salud
777;Gabriel;23;Psicología
778;Lucian;31;Diseño
779;Quyn;26;Economía
780;Peter;24;Negocios
781;Amela;24;Derecho
782;Lilah;26;Derecho
783;Griffith;22;Arquitectura
784;Maxwell;23;Negocios
785;Wanda;21;Comunicaciones
786;Amela;26;Comunicaciones
787;Logan;18;Derecho
788;Constance;26;Comunicaciones
789;Risa;31;Comunicaciones
790;Jade;29;Ciencias Humanas
791;Linda;17;Derecho
792;Quon;23;Economía
793;Kristen;17;Ciencias de la Salud
794;Yolanda;26;Ciencias Humanas
795;Monica;20;Diseño
796;Indigo;23;Ciencias Humanas
797;Alea;31;Ciencias Humanas
798;Honorato;19;Psicología
799;Grant;17;Comunicaciones
800;Lester;28;Artes Contemporáneas
801;Jessamine;17;Derecho
802;Virginia;22;Diseño
803;Irene;26;Economía
804;Armando;29;Artes Contemporáneas
805;Lara;22;Ciencias de la Salud
806;Curran;26;Economía
807;Nasim;23;Psicología
808;Rogan;23;Diseño
809;Angela;30;Ingeniería
810;Lamar;17;Educación
811;Candace;17;Economía
812;Indigo;22;Educación
813;Warren;20;Negocios
814;Emi;27;Administracion en Hotelería y Turismo
815;Aurelia;30;Negocios
816;Perry;23;Educación
817;Lacy;19;Artes Contemporáneas
818;Sonia;26;Negocios
819;Raja;28;Ingeniería
820;Karen;27;Artes Contemporáneas
821;Nero;27;Educación
822;Kieran;23;Administracion en Hotelería y Turismo
823;Elvis;20;Ciencias de la Salud
824;Harding;26;Educación
825;Amir;26;Psicología
826;Lester;31;Derecho
827;Gay;25;Psicología
828;Lacey;18;Diseño
829;Hanae;19;Educación
830;Latifah;29;Economía
831;Finn;17;Derecho
832;Donna;30;Administracion en Hotelería y Turismo
833;Baker;23;Psicología
834;Curran;20;Educación
835;Ralph;20;Ciencias Humanas
836;Ariana;21;Ciencias de la Salud
837;Malik;20;Economía
838;Oren;26;Educación
839;Bethany;17;Administracion en Hotelería y Turismo
840;Chandler;23;Ciencias Humanas
841;Keefe;19;Negocios
842;Jermaine;28;Derecho
843;Xena;24;Artes Contemporáneas
844;Zeph;31;Artes Contemporáneas
845;Lynn;21;Economía
846;Silas;30;Comunicaciones
847;Lana;21;Educación
848;Harper;24;Administracion en Hotelería y Turismo
849;Phelan;26;Economía
850;Tatiana;28;Psicología
851;Jacob;23;Arquitectura
852;Graiden;26;Administracion en Hotelería y Turismo
853;Owen;27;Ciencias de la Salud
854;Alan;17;Administracion en Hotelería y Turismo
855;Rigel;20;Educación
856;Rebecca;30;Diseño
857;Chandler;26;Negocios
858;Nero;26;Arquitectura
859;Ginger;25;Arquitectura
860;Phoebe;23;Derecho
861;Raja;27;Psicología
862;Dante;28;Psicología
863;Armand;28;Artes Contemporáneas
864;Moana;30;Diseño
865;Kenneth;17;Ciencias de la Salud
866;Adria;19;Comunicaciones
867;Rhiannon;29;Diseño
868;Callie;23;Negocios
869;Aimee;23;Administracion en Hotelería y Turismo
870;Maxwell;25;Arquitectura
871;Ulla;31;Ciencias de la Salud
872;Virginia;31;Arquitectura
873;Cora;26;Ingeniería
874;Tallulah;26;Administracion en Hotelería y Turismo
875;Kirestin;21;Comunicaciones
876;Glenna;19;Educación
877;Azalia;17;Ingeniería
878;Jocelyn;26;Ciencias Humanas
879;Bianca;17;Ingeniería
880;Jennifer;28;Ingeniería
881;Virginia;31;Economía
882;Len;24;Economía
883;Amir;18;Negocios
884;Cade;22;Ciencias Humanas
885;Kelsie;29;Derecho
886;Ryder;25;Arquitectura
887;Silas;30;Educación
888;Winifred;24;Artes Contemporáneas
889;Madaline;27;Ingeniería
890;Lara;30;Ciencias Humanas
891;Reece;21;Educación
892;Rhona;28;Ciencias Humanas
893;Oliver;19;Psicología
894;Bernard;31;Ciencias de la Salud
895;Reece;24;Derecho
896;Isaac;28;Arquitectura
897;Omar;26;Derecho
898;Camden;27;Artes Contemporáneas
899;Chandler;25;Derecho
900;Hasad;28;Comunicaciones
901;Armando;26;Comunicaciones
902;Akeem;26;Comunicaciones
903;Mari;29;Artes Contemporáneas
904;Tanner;26;Educación
905;Jason;20;Educación
906;Marvin;19;Ciencias de la Salud
907;Lana;31;Educación
908;Piper;23;Artes Contemporáneas
909;Brianna;22;Psicología
910;Mariko;29;Diseño
911;Thomas;28;Economía
912;Cyrus;30;Ciencias de la Salud
913;Julian;21;Ingeniería
914;Emmanuel;17;Ciencias Humanas
915;Allegra;27;Psicología
916;Elliott;21;Economía
917;Genevieve;28;Psicología
918;Hermione;20;Negocios
919;Cyrus;29;Economía
920;Burke;27;Diseño
921;Jennifer;23;Educación
922;Cynthia;27;Ingeniería
923;Ashely;17;Ciencias Humanas
924;Anastasia;26;Negocios
925;Dieter;23;Ingeniería
926;Britanni;25;Ciencias de la Salud
927;Leonard;25;Ingeniería
928;Alan;21;Economía
929;Mufutau;28;Diseño
930;Lyle;17;Negocios
931;Candice;27;Ciencias Humanas
932;Peter;17;Artes Contemporáneas
933;Thane;21;Ingeniería
934;Phoebe;20;Arquitectura
935;Michael;24;Administracion en Hotelería y Turismo
936;Demetrius;28;Ciencias Humanas
937;Alec;21;Derecho
938;Jordan;28;Educación
939;Plato;26;Negocios
940;Cody;19;Ciencias Humanas
941;Bethany;31;Diseño
942;Jin;25;Artes Contemporáneas
943;Pamela;18;Negocios
944;Sharon;31;Negocios
945;Jorden;31;Educación
946;Sawyer;19;Ciencias Humanas
947;Shelley;19;Ciencias de la Salud
948;Carolyn;23;Educación
949;Zephania;28;Economía
950;Dominic;19;Artes Contemporáneas
951;Stuart;27;Negocios
952;Tashya;17;Psicología
953;Moses;31;Educación
954;Ivy;17;Economía
955;Herman;30;Ingeniería
956;Pearl;17;Educación
957;Micah;23;Comunicaciones
958;Allistair;21;Economía
959;Arsenio;19;Ciencias Humanas
960;Beck;22;Ciencias Humanas
961;Joseph;25;Arquitectura
962;Elliott;29;Ingeniería
963;Tobias;28;Negocios
964;Harding;30;Comunicaciones
965;Amena;27;Ciencias de la Salud
966;Rina;20;Artes Contemporáneas
967;Eliana;22;Administracion en Hotelería y Turismo
968;Harriet;25;Educación
969;Candice;29;Ciencias Humanas
970;Zenaida;27;Ingeniería
971;Jerome;29;Administracion en Hotelería y Turismo
972;Rigel;25;Ingeniería
973;Garrett;25;Derecho
974;Brenda;26;Ciencias de la Salud
975;Stuart;23;Derecho
976;Price;18;Negocios
977;Harlan;30;Educación
978;Alea;27;Artes Contemporáneas
979;Ann;21;Economía
980;Victor;23;Artes Contemporáneas
981;Lenore;28;Arquitectura
982;Savannah;19;Economía
983;Garrison;30;Ciencias Humanas
984;Gay;28;Ingeniería
985;Ryder;26;Ciencias de la Salud
986;Lyle;24;Economía
987;Benedict;23;Economía
988;Reagan;29;Negocios
989;Harding;19;Psicología
990;Bree;17;Ciencias de la Salud
991;Joseph;28;Ciencias Humanas
992;Talon;28;Ciencias Humanas
993;Charity;24;Administracion en Hotelería y Turismo
994;Giselle;26;Economía
995;Gretchen;19;Negocios
996;Graham;22;Economía
997;Adrienne;25;Diseño
998;Ebony;24;Economía
999;Scarlet;21;Educación
1000;Tatiana;22;Educación
1001;Tanisha;31;Ciencias de la Salud
1002;Jordan;18;Artes Contemporáneas
1003;Alfonso;30;Economía
1004;Brian;26;Derecho
1005;Lilah;27;Psicología
1006;Harding;28;Ciencias de la Salud
1007;Cairo;23;Arquitectura
1008;Calvin;19;Economía
1009;Tucker;28;Educación
1010;Virginia;19;Psicología
1011;Elliott;21;Administracion en Hotelería y Turismo
1012;Jerry;25;Administracion en Hotelería y Turismo
1013;Uriel;21;Arquitectura
1014;Katell;23;Economía
1015;Elvis;21;Artes Contemporáneas
1016;Tara;19;Arquitectura
1017;Ralph;31;Ciencias de la Salud
1018;Colleen;18;Ciencias Humanas
1019;Oren;27;Ingeniería
1020;Dillon;17;Diseño
1021;Inez;24;Comunicaciones
1022;Signe;26;Ingeniería
1023;Lyle;29;Ciencias de la Salud
1024;Jack;18;Artes Contemporáneas
1025;Hilary;20;Economía
1026;Maxwell;28;Artes Contemporáneas
1027;Philip;27;Ciencias Humanas
1028;Joseph;20;Ingeniería
1029;Nomlanga;27;Psicología
1030;Gabriel;19;Educación
1031;Donna;18;Arquitectura
1032;Len;31;Ciencias Humanas
1033;Brock;25;Ciencias de la Salud
1034;Mona;21;Psicología
1035;Jarrod;20;Educación
1036;Richard;19;Economía
1037;Maile;17;Educación
1038;Evan;17;Ciencias de la Salud
1039;Emi;25;Negocios
1040;Michelle;28;Derecho
1041;Adrienne;30;Diseño
1042;Baker;22;Ciencias Humanas
1043;Zorita;28;Ciencias de la Salud
1044;Malcolm;23;Economía
1045;Yvette;30;Diseño
1046;Kaitlin;17;Derecho
1047;Zahir;29;Psicología
1048;Joshua;24;Comunicaciones
1049;Neville;26;Diseño
1050;Raja;18;Ciencias de la Salud
1051;Callie;29;Psicología
1052;Francis;31;Ciencias Humanas
1053;Owen;19;Economía
1054;Chandler;25;Artes Contemporáneas
1055;Zephr;23;Ciencias de la Salud
1056;McKenzie;21;Negocios
1057;Kellie;26;Ingeniería
1058;Jorden;31;Ciencias de la Salud
1059;Seth;28;Ciencias Humanas
1060;Louis;24;Comunicaciones
1061;Emi;17;Psicología
1062;Donna;26;Derecho
1063;Nayda;17;Economía
1064;Amena;19;Economía
1065;Levi;29;Comunicaciones
1066;Aphrodite;31;Psicología
1067;Kane;23;Artes Contemporáneas
1068;Ria;29;Administracion en Hotelería y Turismo
1069;Fitzgerald;20;Ciencias Humanas
1070;Joshua;20;Ciencias Humanas
1071;Wilma;20;Educación
1072;Colette;21;Derecho
1073;Warren;22;Arquitectura
1074;Forrest;29;Arquitectura
1075;Elton;31;Negocios
1076;Leonard;29;Ciencias de la Salud
1077;Olivia;22;Derecho
1078;Austin;20;Artes Contemporáneas
1079;Elvis;27;Arquitectura
1080;Troy;19;Economía
1081;September;19;Ciencias Humanas
1082;Adam;26;Psicología
1083;Leslie;24;Comunicaciones
1084;Burton;21;Ciencias de la Salud
1085;Paula;18;Ciencias Humanas
1086;James;26;Psicología
1087;Quon;21;Economía
1088;Zane;20;Artes Contemporáneas
1089;Sheila;28;Diseño
1090;Fatima;30;Negocios
1091;Caleb;21;Educación
1092;Kirestin;29;Diseño
1093;Yasir;27;Diseño
1094;Zephania;20;Arquitectura
1095;Brenna;29;Artes Contemporáneas
1096;Chase;17;Artes Contemporáneas
1097;Upton;31;Derecho
1098;Malik;25;Artes Contemporáneas
1099;Tobias;23;Comunicaciones
1100;Signe;28;Artes Contemporáneas
1101;Aretha;25;Ciencias Humanas
1102;Adam;25;Educación
1103;Minerva;17;Derecho
1104;Justine;17;Administracion en Hotelería y Turismo
1105;Zane;31;Ciencias Humanas
1106;Jarrod;22;Psicología
1107;Darius;23;Educación
1108;Jenna;19;Educación
1109;Justin;26;Arquitectura
1110;Finn;20;Educación
1111;Rafael;26;Administracion en Hotelería y Turismo
1112;Hyatt;17;Economía
1113;Amela;21;Psicología
1114;Coby;25;Derecho
1115;Sheila;26;Comunicaciones
1116;Dieter;28;Educación
1117;Steel;25;Administracion en Hotelería y Turismo
1118;Alice;27;Educación
1119;Sean;27;Ciencias de la Salud
1120;Ralph;21;Ingeniería
1121;Tamara;26;Economía
1122;Len;24;Ciencias Humanas
1123;Kasper;31;Educación
1124;Amir;21;Ciencias de la Salud
1125;Kamal;19;Ciencias de la Salud
1126;Tamara;28;Negocios
1127;Jamal;29;Negocios
1128;Rose;23;Diseño
1129;Stuart;17;Artes Contemporáneas
1130;Dolan;19;Ciencias Humanas
1131;Brynn;28;Artes Contemporáneas
1132;Lilah;27;Negocios
1133;Cullen;20;Derecho
1134;Tamara;31;Administracion en Hotelería y Turismo
1135;Courtney;17;Ingeniería
1136;Caldwell;26;Ciencias de la Salud
1137;Garrett;19;Psicología
1138;Amir;31;Economía
1139;Hamilton;17;Ciencias de la Salud
1140;Xavier;28;Negocios
1141;Emmanuel;21;Comunicaciones
1142;Devin;21;Diseño
1143;Althea;25;Artes Contemporáneas
1144;Ann;19;Psicología
1145;Unity;21;Derecho
1146;Teagan;17;Economía
1147;Cally;30;Economía
1148;Cheyenne;31;Derecho
1149;Chantale;28;Artes Contemporáneas
1150;Phillip;24;Artes Contemporáneas
1151;Allegra;30;Ingeniería
1152;Jade;18;Arquitectura
1153;Boris;26;Economía
1154;Ryan;30;Negocios
1155;Rigel;20;Ingeniería
1156;Quentin;27;Economía
1157;Amy;17;Educación
1158;Mara;26;Educación
1159;Emmanuel;30;Artes Contemporáneas
1160;Madaline;29;Negocios
1161;Blaze;30;Arquitectura
1162;Chancellor;22;Comunicaciones
1163;Thaddeus;18;Artes Contemporáneas
1164;Nero;31;Administracion en Hotelería y Turismo
1165;Troy;21;Ingeniería
1166;Candace;27;Ingeniería
1167;Aphrodite;25;Derecho
1168;Boris;29;Arquitectura
1169;Sheila;26;Ciencias Humanas
1170;Lilah;19;Educación
1171;Odysseus;28;Ciencias Humanas
1172;Vladimir;26;Diseño
1173;Britanni;22;Artes Contemporáneas
1174;Malik;26;Ciencias de la Salud
1175;Sydnee;22;Psicología
1176;McKenzie;23;Administracion en Hotelería y Turismo
1177;Oren;24;Diseño
1178;Kenyon;24;Ciencias de la Salud
1179;Destiny;18;Administracion en Hotelería y Turismo
1180;Jasper;20;Negocios
1181;Shoshana;29;Derecho
1182;Kenneth;17;Comunicaciones
1183;Jena;21;Educación
1184;Reed;29;Ciencias Humanas
1185;Iris;30;Ciencias de la Salud
1186;Jelani;30;Derecho
1187;Claudia;25;Derecho
1188;Benjamin;30;Educación
1189;Alvin;31;Diseño
1190;Jessamine;28;Ciencias de la Salud
1191;Kylynn;22;Derecho
1192;Justin;25;Educación
1193;Mannix;27;Diseño
1194;Logan;26;Educación
1195;Jade;22;Ciencias de la Salud
1196;Callie;20;Negocios
1197;Ann;21;Comunicaciones
1198;Xena;24;Economía
1199;Rose;25;Diseño
1200;Reagan;28;Arquitectura
1201;Kasper;29;Educación
1202;Graham;25;Ingeniería
1203;Hakeem;29;Economía
1204;Astra;20;Negocios
1205;Jade;17;Arquitectura
1206;Clarke;17;Ciencias Humanas
1207;Leonard;21;Economía
1208;Gillian;24;Comunicaciones
1209;Xaviera;30;Economía
1210;Hadassah;26;Psicología
1211;Cruz;19;Ingeniería
1212;Kasimir;23;Educación
1213;Aretha;26;Comunicaciones
1214;Melanie;25;Economía
1215;Ciaran;19;Ciencias Humanas
1216;Amos;23;Ciencias de la Salud
1217;Lacy;25;Diseño
1218;Adena;19;Economía
1219;Alika;17;Ciencias de la Salud
1220;Faith;23;Ciencias de la Salud
1221;Alden;30;Economía
1222;Genevieve;21;Administracion en Hotelería y Turismo
1223;Winifred;30;Administracion en Hotelería y Turismo
1224;Cody;20;Arquitectura
1225;Fritz;31;Ciencias de la Salud
1226;Fatima;19;Psicología
1227;Jerome;19;Artes Contemporáneas
1228;Simon;17;Negocios
1229;Simon;26;Arquitectura
1230;Charissa;26;Administracion en Hotelería y Turismo
1231;Xenos;29;Educación
1232;Ebony;28;Comunicaciones
1233;Jade;22;Administracion en Hotelería y Turismo
1234;Selma;23;Artes Contemporáneas
1235;Jade;21;Ingeniería
1236;Mariko;21;Diseño
1237;Jorden;24;Diseño
1238;Tate;22;Economía
1239;Philip;31;Diseño
1240;Dexter;22;Ciencias Humanas
1241;Burton;23;Comunicaciones
1242;Joshua;21;Economía
1243;Mufutau;26;Educación
1244;Armando;30;Artes Contemporáneas
1245;Colby;31;Derecho
1246;Selma;19;Ciencias de la Salud
1247;Hope;30;Derecho
1248;Davis;31;Ingeniería
1249;Patience;19;Artes Contemporáneas
1250;Constance;26;Ingeniería
1251;Tad;31;Derecho
1252;Paula;29;Arquitectura
1253;Kelsie;19;Negocios
1254;Leonard;30;Arquitectura
1255;Gillian;28;Ingeniería
1256;Jennifer;24;Artes Contemporáneas
1257;Dillon;17;Diseño
1258;Sean;28;Ingeniería
1259;Pearl;30;Administracion en Hotelería y Turismo
1260;Reagan;19;Economía
1261;Imogene;21;Educación
1262;Medge;18;Ingeniería
1263;George;24;Diseño
1264;Charde;27;Diseño
1265;Amity;28;Ciencias Humanas
1266;Ori;21;Economía
1267;Cyrus;28;Artes Contemporáneas
1268;Forrest;19;Ciencias de la Salud
1269;Serina;27;Psicología
1270;Zahir;17;Economía
1271;Bryar;22;Administracion en Hotelería y Turismo
1272;Kieran;29;Comunicaciones
1273;Chase;25;Psicología
1274;Darius;28;Administracion en Hotelería y Turismo
1275;Adria;19;Ingeniería
1276;Rhiannon;21;Ingeniería
1277;Ignacia;30;Ciencias de la Salud
1278;Bernard;24;Arquitectura
1279;Margaret;21;Psicología
1280;Levi;28;Comunicaciones
1281;Kirsten;25;Administracion en Hotelería y Turismo
1282;Summer;18;Ciencias de la Salud
1283;Zephr;17;Diseño
1284;Len;24;Derecho
1285;Stuart;22;Comunicaciones
1286;Marsden;28;Economía
1287;Joan;28;Educación
1288;Charity;22;Arquitectura
1289;Caldwell;19;Ciencias Humanas
1290;Hall;17;Psicología
1291;Joan;23;Psicología
1292;Sean;17;Negocios
1293;Briar;31;Negocios
1294;Moses;26;Economía
1295;Thaddeus;29;Ingeniería
1296;Len;31;Arquitectura
1297;Hall;27;Administracion en Hotelería y Turismo
1298;Joshua;20;Economía
1299;Jorden;29;Negocios
1300;Thane;19;Ingeniería
1301;Kennedy;25;Ciencias Humanas
1302;Mufutau;30;Ciencias Humanas
1303;Kelsie;22;Artes Contemporáneas
1304;Tallulah;23;Arquitectura
1305;Sawyer;31;Comunicaciones
1306;Bryar;19;Economía
1307;Kerry;28;Negocios
1308;Len;25;Comunicaciones
1309;Elliott;22;Ciencias Humanas
1310;Kirsten;24;Derecho
1311;Neville;21;Comunicaciones
1312;Eve;19;Ciencias Humanas
1313;Rajah;20;Economía
1314;Demetrius;26;Arquitectura
1315;Hammett;29;Ciencias Humanas
1316;MacKensie;24;Educación
1317;Lev;29;Arquitectura
1318;Rhiannon;30;Ciencias de la Salud
1319;Julian;29;Ciencias de la Salud
1320;Alea;25;Ingeniería
1321;Wynne;17;Psicología
1322;Chelsea;27;Administracion en Hotelería y Turismo
1323;Rose;31;Diseño
1324;Abigail;25;Administracion en Hotelería y Turismo
1325;Warren;23;Diseño
1326;Jaquelyn;23;Psicología
1327;Iona;24;Artes Contemporáneas
1328;Ann;29;Derecho
1329;Desirae;25;Economía
1330;Ainsley;27;Ciencias Humanas
1331;Allistair;26;Diseño
1332;Quamar;17;Ingeniería
1333;Sara;18;Ingeniería
1334;Luke;18;Arquitectura
1335;Ginger;18;Economía
1336;Jin;23;Diseño
1337;Cyrus;29;Derecho
1338;Cadman;21;Diseño
1339;Azalia;21;Administracion en Hotelería y Turismo
1340;Jorden;24;Arquitectura
1341;Venus;17;Derecho
1342;Quamar;31;Economía
1343;Hammett;21;Artes Contemporáneas
1344;Idona;23;Administracion en Hotelería y Turismo
1345;Colorado;20;Ciencias Humanas
1346;Troy;19;Derecho
1347;Jordan;23;Ingeniería
1348;Brenna;21;Comunicaciones
1349;Baker;31;Ingeniería
1350;Latifah;18;Ingeniería
1351;Alice;17;Negocios
1352;Maxwell;19;Comunicaciones
1353;Eugenia;24;Administracion en Hotelería y Turismo
1354;Allistair;24;Ciencias Humanas
1355;Brenda;31;Ciencias Humanas
1356;Chase;30;Arquitectura
1357;Garrett;22;Derecho
1358;Len;20;Economía
1359;Hasad;21;Ciencias Humanas
1360;Imani;29;Derecho
1361;Jennifer;21;Ingeniería
1362;Risa;17;Negocios
1363;Chandler;29;Ingeniería
1364;Ainsley;19;Derecho
1365;Mariko;27;Ciencias de la Salud
1366;Stacy;24;Administracion en Hotelería y Turismo
1367;Burke;18;Administracion en Hotelería y Turismo
1368;Reed;27;Diseño
1369;Bertha;18;Economía
1370;Cadman;21;Diseño
1371;Callie;30;Arquitectura
1372;Hasad;27;Ingeniería
1373;Walter;22;Ciencias Humanas
1374;Lyle;21;Educación
1375;Hamilton;27;Negocios
1376;Nerea;25;Negocios
1377;Adam;29;Comunicaciones
1378;Drake;22;Comunicaciones
1379;Eaton;21;Artes Contemporáneas
1380;Garrison;17;Ciencias Humanas
1381;Caldwell;17;Negocios
1382;Reece;24;Arquitectura
1383;Camden;25;Ciencias de la Salud
1384;Candice;27;Negocios
1385;Lilah;26;Administracion en Hotelería y Turismo
1386;Hamilton;22;Arquitectura
1387;Ivy;22;Economía
1388;Gillian;26;Artes Contemporáneas
1389;Juliet;31;Derecho
1390;Leslie;31;Ingeniería
1391;Maxwell;24;Comunicaciones
1392;Uriel;22;Arquitectura
1393;Baxter;27;Economía
1394;Seth;18;Psicología
1395;Lacy;30;Administracion en Hotelería y Turismo
1396;Bo;20;Economía
1397;Shoshana;30;Derecho
1398;Arthur;27;Ciencias Humanas
1399;Joshua;21;Administracion en Hotelería y Turismo
1400;Roth;30;Negocios
1401;Caldwell;23;Ciencias de la Salud
1402;Wanda;28;Arquitectura
1403;Hunter;30;Diseño
1404;Jena;26;Ingeniería
1405;Kessie;21;Negocios
1406;Callie;30;Educación
1407;Jonah;20;Ciencias Humanas
1408;Stephanie;30;Ciencias Humanas
1409;Charlotte;31;Ciencias Humanas
1410;Malachi;30;Derecho
1411;James;24;Administracion en Hotelería y Turismo
1412;Linda;21;Artes Contemporáneas
1413;Alexis;20;Artes Contemporáneas
1414;Michelle;17;Arquitectura
1415;Adara;26;Comunicaciones
1416;Barry;26;Artes Contemporáneas
1417;Aphrodite;28;Diseño
1418;Colette;19;Negocios
1419;Alec;27;Comunicaciones
1420;Florence;19;Administracion en Hotelería y Turismo
1421;Hashim;26;Economía
1422;Kamal;29;Economía
1423;Camilla;19;Diseño
1424;Kirk;21;Ciencias Humanas
1425;Owen;29;Arquitectura
1426;Alice;29;Arquitectura
1427;Angela;30;Economía
1428;Amena;17;Ingeniería
1429;Bo;23;Artes Contemporáneas
1430;Yoshio;25;Economía
1431;Malik;29;Ciencias Humanas
1432;Alika;28;Economía
1433;Tanner;22;Ciencias de la Salud
1434;Kenyon;25;Arquitectura
1435;Kareem;29;Derecho
1436;Hilel;30;Negocios
1437;Illiana;26;Economía
1438;Renee;23;Derecho
1439;Barry;30;Negocios
1440;Aretha;19;Educación
1441;Keegan;27;Economía
1442;Mona;20;Artes Contemporáneas
1443;Tatiana;30;Arquitectura
1444;Wendy;23;Ingeniería
1445;Jena;25;Artes Contemporáneas
1446;Jena;27;Economía
1447;Pearl;17;Derecho
1448;Thane;29;Economía
1449;Baxter;17;Artes Contemporáneas
1450;Ginger;29;Ciencias Humanas
1451;Naomi;24;Ciencias Humanas
1452;Mari;22;Ingeniería
1453;Keaton;29;Diseño
1454;Nichole;31;Ciencias Humanas
1455;Micah;27;Ciencias Humanas
1456;Amity;22;Arquitectura
1457;Jennifer;29;Negocios
1458;Brennan;28;Economía
1459;Jasmine;26;Comunicaciones
1460;Lev;18;Derecho
1461;Brenda;28;Ciencias de la Salud
1462;Briar;31;Comunicaciones
1463;Maxwell;29;Psicología
1464;Emmanuel;24;Ciencias Humanas
1465;Forrest;31;Comunicaciones
1466;Kieran;31;Ciencias de la Salud
1467;Rigel;23;Psicología
1468;Donovan;19;Diseño
1469;Elliott;20;Educación
1470;Martina;19;Derecho
1471;Ainsley;22;Diseño
1472;Bevis;21;Negocios
1473;Faith;20;Negocios
1474;Kristen;28;Economía
1475;Sara;22;Economía
1476;Quyn;31;Ingeniería
1477;Dante;20;Negocios
1478;Maryam;18;Psicología
1479;Medge;26;Artes Contemporáneas
1480;Oprah;27;Diseño
1481;Olivia;31;Derecho
1482;Ferris;18;Comunicaciones
1483;Venus;26;Psicología
1484;Buckminster;28;Administracion en Hotelería y Turismo
1485;Dalton;29;Ciencias Humanas
1486;Zahir;20;Artes Contemporáneas
1487;Jonah;22;Educación
1488;Olympia;20;Ingeniería
1489;Yvette;28;Ciencias Humanas
1490;Lamar;22;Ingeniería
1491;Phoebe;22;Educación
1492;Callie;18;Ciencias de la Salud
1493;Irene;22;Derecho
1494;Zane;24;Ingeniería
1495;Malachi;24;Ciencias de la Salud
1496;Venus;18;Artes Contemporáneas
1497;Kieran;29;Psicología
1498;Naomi;19;Artes Contemporáneas
1499;John;22;Derecho
