1,Stuart,23,Economía
2,Christian,29,Arquitectura
3,Willow,18,Administracion en Hotelería y Turismo
4,Keegan,29,Ingeniería
5,Quinlan,27,Arquitectura
6,Camden,29,Ciencias Humanas
7,Warren,18,Administracion en Hotelería y Turismo
8,Linda,28,Psicología
9,Idona,21,Ciencias Humanas
10,Cade,23,Economía
11,Tad,22,Negocios
12,Ciaran,28,Artes Contemporáneas
13,Callie,26,Diseño
14,Steven,18,Comunicaciones
15,Lana,30,Arquitectura
16,Iliana,29,Ingeniería
17,Linda,21,Artes Contemporáneas
18,Raya,30,Educación
19,Dante,22,Comunicaciones
20,Cecilia,19,Educación
21,Steven,24,Educación
22,Stacy,18,Economía
23,Tate,26,Ciencias de la Salud
24,Germane,30,Ciencias Humanas
25,Rogan,24,Diseño
26,Unity,24,Artes Contemporáneas
27,Alvin,21,Comunicaciones
28,Reuben,29,Arquitectura
29,Quamar,23,Negocios
30,Donna,22,Psicología
31,Kaitlin,24,Negocios
32,Moana,23,Artes Contemporáneas
33,Selma,27,Ciencias de la Salud
34,Garth,27,Comunicaciones
35,Zenaida,28,Arquitectura
36,Forrest,27,Psicología
37,Lillith,23,Negocios
38,Lana,20,Ciencias Humanas
39,Seth,28,Economía
40,Galvin,26,Artes Contemporáneas
41,Cathleen,28,Ciencias de la Salud
42,Luke,25,Ciencias Humanas
43,Maia,20,Arquitectura
44,Logan,24,Negocios
45,Lilah,30,Educación
46,Tobias,19,Psicología
47,Marah,28,Ciencias de la Salud
48,Lev,22,Negocios
49,Galvin,24,Psicología
50,Boris,19,Negocios
51,Hanae,26,Negocios
52,Kirk,23,Comunicaciones
53,Jin,29,Derecho
54,Winifred,28,Economía
55,Rajah,19,Ingeniería
56,Wilma,22,Artes Contemporáneas
57,Gary,22,Psicología
58,Kevin,21,Derecho
59,Odysseus,19,Ciencias Humanas
60,Brennan,21,Ciencias Humanas
61,Desirae,22,Negocios
62,Madeson,30,Artes Contemporáneas
63,Dillon,28,Economía
64,Elliott,27,Administracion en Hotelería y Turismo
65,Ann,21,Economía
66,Giacomo,24,Administracion en Hotelería y Turismo
67,Mari,18,Economía
68,Alfonso,24,Negocios
69,Channing,29,Ciencias de la Salud
70,Oliver,27,Negocios
71,Ella,26,Psicología
72,Carolyn,23,Administracion en Hotelería y Turismo
73,Jelani,24,Artes Contemporáneas
74,Illiana,24,Ciencias de la Salud
75,Coby,29,Psicología
76,Mason,22,Diseño
77,Ann,27,Administracion en Hotelería y Turismo
78,Savannah,24,Comunicaciones
79,Rowan,20,Economía
80,Adrienne,21,Ciencias de la Salud
81,Ira,29,Artes Contemporáneas
82,Pearl,30,Ciencias de la Salud
83,Clark,29,Ciencias de la Salud
84,Walter,21,Artes Contemporáneas
85,Jocelyn,26,Administracion en Hotelería y Turismo
86,Fritz,27,Educación
87,Yuri,28,Comunicaciones
88,Gabriel,19,Economía
89,Keefe,23,Artes Contemporáneas
90,Tashya,21,Economía
91,Quyn,20,Ciencias de la Salud
92,MacKensie,22,Ingeniería
93,Orli,19,Ingeniería
94,Kennedy,29,Comunicaciones
95,Seth,25,Ingeniería
96,Clayton,27,Negocios
97,Lev,22,Derecho
98,Ignacia,25,Comunicaciones
99,Lillith,25,Economía
100,Leo,29,Diseño
101,Beck,28,Artes Contemporáneas
102,Kessie,26,Ciencias de la Salud
103,Isabella,23,Comunicaciones
104,Shoshana,22,Ciencias de la Salud
105,Susan,29,Derecho
106,Chancellor,18,Diseño
107,Oleg,29,Educación
108,Kelsie,23,Arquitectura
109,Armando,21,Educación
110,Octavius,22,Diseño
111,Clarke,30,Ciencias Humanas
112,Scarlett,19,Arquitectura
113,MacKensie,26,Administracion en Hotelería y Turismo
114,Bertha,29,Derecho
115,Jolene,24,Ingeniería
116,Dillon,20,Educación
117,Maritza,20,Ciencias de la Salud
118,Emmanuel,20,Ciencias de la Salud
119,Victor,18,Psicología
120,Kellie,27,Administracion en Hotelería y Turismo
121,Lilah,23,Derecho
122,Kasimir,22,Diseño
123,Logan,20,Comunicaciones
124,Mona,27,Educación
125,Jena,19,Educación
126,Addison,27,Diseño
127,Nichole,22,Comunicaciones
128,Kenneth,26,Administracion en Hotelería y Turismo
129,Adele,27,Economía
130,Hyatt,26,Diseño
131,Monica,27,Psicología
132,Rhiannon,29,Negocios
133,Dominic,28,Administracion en Hotelería y Turismo
134,Blossom,29,Ciencias Humanas
135,Adrienne,28,Comunicaciones
136,Lana,20,Economía
137,Marcia,18,Educación
138,Gabriel,25,Comunicaciones
139,Ferris,19,Diseño
140,Jaquelyn,30,Ciencias de la Salud
141,Noble,18,Ciencias Humanas
142,Rose,22,Derecho
143,Vernon,29,Economía
144,Alvin,20,Ciencias de la Salud
145,Grant,18,Diseño
146,Robert,26,Ciencias de la Salud
147,Yoshio,25,Negocios
148,Inez,19,Derecho
149,Brenda,19,Arquitectura
150,McKenzie,21,Ciencias Humanas
151,Elaine,22,Artes Contemporáneas
152,Kaitlin,21,Arquitectura
153,Karyn,23,Ciencias de la Salud
154,Quon,29,Ciencias de la Salud
155,Deborah,25,Arquitectura
156,Alea,20,Economía
157,Rose,29,Educación
158,Dominic,29,Administracion en Hotelería y Turismo
159,Amos,22,Psicología
160,Kylynn,19,Diseño
161,Cassady,28,Educación
162,Kelly,23,Arquitectura
163,Calvin,21,Derecho
164,Ariana,20,Arquitectura
165,Lilah,19,Artes Contemporáneas
166,Mechelle,20,Psicología
167,Colorado,26,Economía
168,Carson,22,Economía
169,Kamal,26,Educación
170,Rajah,19,Economía
171,Dolan,25,Derecho
172,Quyn,22,Ingeniería
173,Kevyn,24,Negocios
174,Brody,19,Educación
175,Alexandra,22,Psicología
176,Chava,30,Arquitectura
177,Len,19,Ingeniería
178,Kelly,24,Ingeniería
179,Bert,30,Negocios
180,Tatiana,18,Comunicaciones
181,Cullen,30,Derecho
182,Oliver,18,Artes Contemporáneas
183,Pamela,26,Negocios
184,Noah,24,Ciencias Humanas
185,Phelan,30,Administracion en Hotelería y Turismo
186,Silas,20,Artes Contemporáneas
187,Cynthia,26,Psicología
188,Eve,29,Ciencias de la Salud
189,Iliana,20,Comunicaciones
190,Damian,22,Administracion en Hotelería y Turismo
191,Shelley,27,Administracion en Hotelería y Turismo
192,Sylvester,25,Diseño
193,Mariko,19,Arquitectura
194,Clayton,30,Administracion en Hotelería y Turismo
195,Peter,19,Ciencias Humanas
196,Rajah,21,Ciencias Humanas
197,Quinn,29,Negocios
198,Noble,30,Ciencias Humanas
199,Fulton,30,Negocios
200,Stuart,29,Artes Contemporáneas
201,Edward,21,Psicología
202,Wilma,29,Ingeniería
203,Abigail,29,Comunicaciones
204,Nita,18,Economía
205,Ariana,19,Artes Contemporáneas
206,Sade,18,Ciencias de la Salud
207,Grant,19,Artes Contemporáneas
208,Zenaida,30,Ingeniería
209,Hamilton,25,Derecho
210,Mark,27,Ingeniería
211,Carolyn,30,Negocios
212,Cairo,20,Negocios
213,Talon,23,Artes Contemporáneas
214,Leila,22,Educación
215,Quamar,21,Derecho
216,Beau,22,Ingeniería
217,Allistair,25,Psicología
218,Francis,25,Artes Contemporáneas
219,Sacha,18,Derecho
220,Jermaine,20,Ciencias de la Salud
221,Medge,27,Economía
222,Deborah,22,Ciencias Humanas
223,Rowan,20,Psicología
224,Honorato,28,Ciencias Humanas
225,Fatima,20,Comunicaciones
226,Willa,29,Diseño
227,Byron,20,Economía
228,Hadassah,28,Comunicaciones
229,Harper,28,Administracion en Hotelería y Turismo
230,Chandler,29,Ciencias de la Salud
231,Yasir,29,Ciencias de la Salud
232,Juliet,25,Administracion en Hotelería y Turismo
233,Hadassah,29,Negocios
234,Cairo,25,Diseño
235,Emmanuel,20,Artes Contemporáneas
236,Thomas,18,Psicología
237,Xena,18,Arquitectura
238,Shoshana,19,Ciencias de la Salud
239,Hamilton,29,Ciencias de la Salud
240,MacKensie,26,Ingeniería
241,Deborah,24,Comunicaciones
242,Kennedy,28,Economía
243,Ainsley,24,Economía
244,Eve,20,Comunicaciones
245,Blossom,27,Ciencias de la Salud
246,Odysseus,29,Negocios
247,Glenna,20,Diseño
248,Jenette,24,Ingeniería
249,Liberty,28,Educación
250,Simon,28,Artes Contemporáneas
251,Ashely,27,Artes Contemporáneas
252,Chaim,20,Diseño
253,Hope,29,Economía
254,Cody,23,Diseño
255,Gretchen,28,Diseño
256,Tamara,20,Economía
257,Donna,29,Comunicaciones
258,Reuben,20,Economía
259,Craig,20,Ciencias Humanas
260,Xavier,25,Arquitectura
261,Kaitlin,26,Ciencias Humanas
262,Glenna,29,Diseño
263,Constance,24,Diseño
264,Ivory,27,Administracion en Hotelería y Turismo
265,Hall,27,Artes Contemporáneas
266,Illiana,27,Arquitectura
267,Kasper,26,Derecho
268,Madaline,26,Negocios
269,Mannix,21,Administracion en Hotelería y Turismo
270,Michelle,20,Comunicaciones
271,Blossom,27,Administracion en Hotelería y Turismo
272,Talon,20,Educación
273,Joshua,23,Economía
274,Mara,19,Ingeniería
275,Eve,20,Diseño
276,Michelle,26,Comunicaciones
277,Martina,30,Psicología
278,Carolyn,28,Educación
279,Cairo,28,Ciencias Humanas
280,Virginia,19,Ciencias de la Salud
281,Arthur,28,Negocios
282,Malcolm,22,Psicología
283,Akeem,25,Economía
284,Kieran,23,Administracion en Hotelería y Turismo
285,Gabriel,29,Comunicaciones
286,Sydnee,23,Educación
287,Victoria,25,Arquitectura
288,MacKensie,28,Psicología
289,Malik,25,Comunicaciones
290,Virginia,21,Educación
291,Pearl,29,Ingeniería
292,Kenyon,25,Diseño
293,Steven,18,Educación
294,Scarlett,29,Economía
295,Candice,29,Ciencias Humanas
296,Hanae,29,Diseño
297,Blaze,30,Ingeniería
298,Althea,25,Ingeniería
299,Desirae,19,Ciencias Humanas
300,Donovan,28,Administracion en Hotelería y Turismo
301,Hamilton,25,Educación
302,Seth,19,Ingeniería
303,Kimberley,24,Derecho
304,Tanisha,24,Ciencias Humanas
305,Rigel,30,Psicología
306,Mason,27,Negocios
307,Thaddeus,18,Comunicaciones
308,Tanisha,19,Diseño
309,Micah,27,Psicología
310,Bertha,30,Artes Contemporáneas
311,Fulton,18,Diseño
312,Carly,28,Educación
313,Garrison,28,Comunicaciones
314,Stacy,19,Economía
315,Lani,26,Administracion en Hotelería y Turismo
316,Iliana,19,Arquitectura
317,Lev,30,Arquitectura
318,Raja,21,Ciencias de la Salud
319,Shoshana,18,Comunicaciones
320,Tad,30,Ciencias Humanas
321,Phillip,22,Educación
322,Kelsie,25,Economía
323,Allegra,23,Negocios
324,Lana,23,Ingeniería
325,Sara,22,Comunicaciones
326,Demetrius,20,Arquitectura
327,Candace,22,Ciencias de la Salud
328,September,24,Administracion en Hotelería y Turismo
329,Zoe,21,Ciencias de la Salud
330,Iliana,21,Diseño
331,Yolanda,20,Ciencias Humanas
332,Philip,28,Administracion en Hotelería y Turismo
333,Owen,19,Diseño
334,Jade,29,Comunicaciones
335,Sonya,26,Administracion en Hotelería y Turismo
336,Tashya,18,Derecho
337,Burton,25,Diseño
338,Alan,29,Artes Contemporáneas
339,Sydnee,20,Artes Contemporáneas
340,Arsenio,25,Arquitectura
341,Nichole,25,Derecho
342,Ciaran,18,Comunicaciones
343,Stacy,20,Ciencias Humanas
344,Althea,18,Arquitectura
345,Zeus,24,Administracion en Hotelería y Turismo
346,Jonah,19,Artes Contemporáneas
347,Ferris,19,Diseño
348,Nevada,29,Educación
349,Seth,20,Economía
350,Alika,27,Diseño
351,Charity,18,Negocios
352,Quyn,21,Comunicaciones
353,Kieran,21,Ingeniería
354,Piper,26,Ciencias de la Salud
355,Justin,21,Ciencias Humanas
356,Trevor,25,Arquitectura
357,Caldwell,24,Artes Contemporáneas
358,Katell,22,Ingeniería
359,Ariana,28,Economía
360,Ria,22,Ingeniería
361,Risa,27,Administracion en Hotelería y Turismo
362,Sade,22,Derecho
363,Kevin,25,Psicología
364,Kasper,22,Psicología
365,Alvin,30,Psicología
366,Moana,22,Ciencias Humanas
367,Kirestin,25,Psicología
368,Demetrius,25,Educación
369,Cynthia,29,Administracion en Hotelería y Turismo
370,Philip,30,Comunicaciones
371,Eve,30,Derecho
372,Logan,28,Arquitectura
373,Blaze,26,Artes Contemporáneas
374,Dante,23,Psicología
375,Beau,21,Psicología
376,Walter,30,Ciencias de la Salud
377,Maile,25,Educación
378,Jerome,26,Artes Contemporáneas
379,Adam,27,Economía
380,Cole,23,Ciencias Humanas
381,Fatima,26,Economía
382,Aurelia,19,Artes Contemporáneas
383,Christian,26,Derecho
384,Cathleen,21,Administracion en Hotelería y Turismo
385,Jena,20,Psicología
386,Lilah,18,Derecho
387,Zachery,28,Comunicaciones
388,Charlotte,21,Derecho
389,Caldwell,29,Arquitectura
390,Edward,18,Ciencias de la Salud
391,Perry,21,Administracion en Hotelería y Turismo
392,Sydney,22,Comunicaciones
393,Bert,19,Ciencias Humanas
394,Armando,30,Economía
395,Juliet,18,Derecho
396,Demetria,27,Administracion en Hotelería y Turismo
397,Claudia,22,Ciencias de la Salud
398,Rina,19,Ciencias Humanas
399,Quon,25,Artes Contemporáneas
400,Paula,25,Economía
401,Hadassah,24,Artes Contemporáneas
402,Fiona,18,Ciencias Humanas
403,Warren,28,Arquitectura
404,Uriel,22,Administracion en Hotelería y Turismo
405,Ebony,21,Ciencias Humanas
406,Cora,23,Educación
407,Talon,25,Ciencias Humanas
408,Akeem,20,Arquitectura
409,Gail,25,Administracion en Hotelería y Turismo
410,Kylan,19,Educación
411,Keegan,29,Diseño
412,Venus,19,Comunicaciones
413,Lacy,21,Comunicaciones
414,Lynn,25,Ingeniería
415,Maris,21,Ciencias Humanas
416,Leslie,24,Ciencias de la Salud
417,Malik,23,Arquitectura
418,Virginia,22,Administracion en Hotelería y Turismo
419,Elijah,28,Artes Contemporáneas
420,Yoshio,19,Arquitectura
421,Maxwell,30,Ingeniería
422,Zenaida,23,Artes Contemporáneas
423,Cecilia,21,Economía
424,Rachel,21,Ciencias Humanas
425,Pearl,25,Comunicaciones
426,Mari,18,Comunicaciones
427,Alice,21,Diseño
428,Grant,24,Ciencias Humanas
429,Adria,25,Ciencias Humanas
430,Noble,20,Administracion en Hotelería y Turismo
431,Abigail,21,Ciencias Humanas
432,Tucker,18,Psicología
433,Nichole,21,Comunicaciones
434,William,23,Diseño
435,Arsenio,22,Arquitectura
436,Kessie,29,Negocios
437,Amena,21,Economía
438,Xenos,28,Economía
439,Alec,19,Administracion en Hotelería y Turismo
440,Constance,23,Negocios
441,Maxwell,21,Derecho
442,Rachel,22,Ingeniería
443,Tanek,19,Derecho
444,Jonah,23,Derecho
445,Allistair,26,Economía
446,Luke,30,Diseño
447,Ciaran,28,Negocios
448,Victoria,25,Ingeniería
449,Dolan,21,Ciencias de la Salud
450,Kenyon,20,Educación
451,Kato,28,Artes Contemporáneas
452,Garrison,19,Derecho
453,Sean,24,Ingeniería
454,Desirae,22,Ciencias de la Salud
455,Curran,23,Psicología
456,Lacy,21,Derecho
457,Dominique,19,Negocios
458,Signe,30,Psicología
459,Kieran,29,Ingeniería
460,Joan,21,Economía
461,Ivy,19,Economía
462,Armando,19,Artes Contemporáneas
463,Rhona,23,Negocios
464,Maile,20,Ingeniería
465,Graham,23,Educación
466,Ignacia,26,Economía
467,Iona,26,Derecho
468,John,18,Diseño
469,Micah,25,Psicología
470,Adria,20,Diseño
471,Margaret,21,Comunicaciones
472,Owen,23,Diseño
473,Brielle,23,Ciencias Humanas
474,Jocelyn,21,Economía
475,Wynne,28,Arquitectura
476,Thane,18,Administracion en Hotelería y Turismo
477,Stephanie,21,Derecho
478,Uriel,19,Educación
479,Elijah,23,Comunicaciones
480,Melvin,18,Derecho
481,Lyle,25,Administracion en Hotelería y Turismo
482,Christian,26,Ciencias de la Salud
483,Iliana,25,Diseño
484,Amir,24,Administracion en Hotelería y Turismo
485,Caleb,30,Educación
486,Nomlanga,19,Psicología
487,Hall,21,Ciencias de la Salud
488,Hakeem,22,Ciencias Humanas
489,Stephanie,24,Administracion en Hotelería y Turismo
490,Scarlet,21,Administracion en Hotelería y Turismo
491,Darryl,27,Economía
492,Fatima,23,Ciencias de la Salud
493,Phyllis,24,Derecho
494,Marah,20,Administracion en Hotelería y Turismo
495,Kenyon,27,Arquitectura
496,Melvin,18,Artes Contemporáneas
497,Clarke,25,Arquitectura
498,Joshua,27,Economía
499,Jocelyn,19,Ingeniería
500,Victoria,22,Derecho
501,Bo,20,Comunicaciones
502,Davis,20,Ciencias de la Salud
503,Armand,21,Arquitectura
504,Len,21,Artes Contemporáneas
505,Brock,24,Diseño
506,Leonard,26,Ingeniería
507,Shoshana,30,Arquitectura
508,Timon,27,Educación
509,Vladimir,22,Ciencias Humanas
510,Sydnee,30,Administracion en Hotelería y Turismo
511,Kato,29,Ciencias Humanas
512,Illiana,19,Administracion en Hotelería y Turismo
513,Jennifer,28,Ciencias Humanas
514,Mason,28,Economía
515,Quemby,21,Administracion en Hotelería y Turismo
516,Cade,19,Negocios
517,Brielle,27,Comunicaciones
518,Quyn,20,Educación
519,Oren,26,Artes Contemporáneas
520,Brett,22,Artes Contemporáneas
521,Sean,25,Negocios
522,Ebony,23,Administracion en Hotelería y Turismo
523,Carolyn,28,Ciencias de la Salud
524,Elvis,30,Comunicaciones
525,Grant,28,Arquitectura
526,Callie,27,Ingeniería
527,Leonard,30,Comunicaciones
528,Sacha,24,Comunicaciones
529,Kylynn,26,Comunicaciones
530,Barclay,28,Ciencias Humanas
531,Joan,30,Psicología
532,Pearl,30,Educación
533,Lana,24,Economía
534,Chase,30,Ingeniería
535,Cora,22,Economía
536,Adria,18,Ciencias de la Salud
537,Malcolm,25,Administracion en Hotelería y Turismo
538,Leila,20,Psicología
539,Germane,23,Derecho
540,Margaret,26,Comunicaciones
541,Brianna,20,Comunicaciones
542,Amir,30,Educación
543,Cairo,25,Artes Contemporáneas
544,Reed,22,Arquitectura
545,Kimberley,27,Comunicaciones
546,Channing,21,Derecho
547,Joseph,19,Ciencias Humanas
548,Keefe,21,Educación
549,Ashely,25,Diseño
550,Claudia,29,Artes Contemporáneas
551,Sara,22,Comunicaciones
552,Brielle,20,Psicología
553,Tobias,27,Derecho
554,Eve,30,Artes Contemporáneas
555,Tate,29,Ingeniería
556,Paula,19,Economía
557,Isadora,26,Economía
558,Vladimir,28,Educación
559,Oren,28,Negocios
560,Iris,27,Ciencias Humanas
561,Channing,23,Diseño
562,Amity,28,Diseño
563,Ciaran,30,Comunicaciones
564,Wendy,24,Administracion en Hotelería y Turismo
565,Melanie,26,Ciencias de la Salud
566,Bertha,20,Ingeniería
567,Sylvia,27,Arquitectura
568,Malik,18,Ciencias de la Salud
569,Arsenio,27,Comunicaciones
570,Hadassah,19,Educación
571,Naomi,21,Economía
572,Juliet,27,Administracion en Hotelería y Turismo
573,Kenyon,29,Negocios
574,Isadora,23,Comunicaciones
575,Demetrius,18,Diseño
576,Sara,27,Diseño
577,Hope,29,Artes Contemporáneas
578,Joseph,26,Ciencias de la Salud
579,Clinton,24,Arquitectura
580,Talon,26,Diseño
581,Fletcher,18,Ciencias Humanas
582,Cairo,18,Diseño
583,Hasad,30,Ingeniería
584,Callie,30,Ingeniería
585,Mufutau,19,Ciencias Humanas
586,Britanni,27,Ciencias de la Salud
587,Hollee,27,Psicología
588,Demetrius,22,Ingeniería
589,Cadman,22,Administracion en Hotelería y Turismo
590,Susan,27,Educación
591,Keegan,29,Educación
592,Griffith,26,Artes Contemporáneas
593,Rina,23,Economía
594,Hope,29,Psicología
595,Baker,23,Ciencias Humanas
596,Caldwell,18,Psicología
597,Zephr,29,Comunicaciones
598,Iona,23,Comunicaciones
599,Dillon,19,Ingeniería
600,Thor,18,Diseño
601,Len,23,Administracion en Hotelería y Turismo
602,Emi,18,Diseño
603,Dominic,21,Derecho
604,Adrian,22,Negocios
605,Candice,18,Ingeniería
606,Robert,29,Ciencias Humanas
607,Len,19,Economía
608,Germane,24,Arquitectura
609,Kareem,27,Derecho
610,Unity,20,Psicología
611,Rigel,23,Ciencias de la Salud
612,Devin,22,Derecho
613,Susan,30,Ciencias de la Salud
614,Talon,24,Derecho
615,Thane,21,Derecho
616,Odysseus,29,Negocios
617,Reece,25,Ingeniería
618,Jaime,22,Psicología
619,Lester,22,Ingeniería
620,Tanisha,18,Educación
621,Gay,30,Negocios
622,Robin,28,Ciencias Humanas
623,Victor,29,Derecho
624,Timon,21,Arquitectura
625,Sean,22,Ciencias Humanas
626,Edward,20,Ciencias de la Salud
627,Ralph,30,Arquitectura
628,Camden,20,Comunicaciones
629,Louis,22,Economía
630,Noble,29,Administracion en Hotelería y Turismo
631,Xavier,19,Negocios
632,Yolanda,20,Diseño
633,Glenna,18,Ciencias de la Salud
634,Leila,29,Economía
635,Whoopi,20,Economía
636,Kimberley,29,Artes Contemporáneas
637,Desiree,21,Administracion en Hotelería y Turismo
638,Morgan,27,Derecho
639,Maxwell,25,Negocios
640,September,28,Psicología
641,Ciaran,22,Derecho
642,Nero,24,Negocios
643,Burton,28,Administracion en Hotelería y Turismo
644,Timon,20,Arquitectura
645,Alice,29,Psicología
646,Stephanie,24,Artes Contemporáneas
647,Sade,24,Ciencias Humanas
648,Colette,29,Diseño
649,Jorden,19,Diseño
650,Ann,20,Ingeniería
651,Jena,20,Ingeniería
652,Joshua,18,Ingeniería
653,Walter,29,Diseño
654,Iona,27,Administracion en Hotelería y Turismo
655,Donovan,21,Educación
656,Garrison,22,Administracion en Hotelería y Turismo
657,Fatima,19,Administracion en Hotelería y Turismo
658,Caleb,18,Economía
659,Katell,23,Arquitectura
660,Adam,28,Economía
661,Kieran,21,Derecho
662,Demetrius,22,Ciencias de la Salud
663,Teegan,23,Negocios
664,Tobias,30,Comunicaciones
665,Grant,22,Administracion en Hotelería y Turismo
666,Cynthia,26,Diseño
667,Sean,29,Artes Contemporáneas
668,Arthur,29,Negocios
669,Ella,18,Administracion en Hotelería y Turismo
670,Jorden,18,Ciencias Humanas
671,Caleb,26,Administracion en Hotelería y Turismo
672,Cooper,20,Diseño
673,Malcolm,24,Derecho
674,Timon,25,Negocios
675,Lucian,19,Educación
676,Oliver,23,Economía
677,Nora,18,Ingeniería
678,Xenos,27,Derecho
679,Elijah,23,Negocios
680,Virginia,21,Administracion en Hotelería y Turismo
681,Galvin,26,Educación
682,Brynn,30,Comunicaciones
683,Quinlan,27,Comunicaciones
684,William,18,Derecho
685,Cecilia,24,Artes Contemporáneas
686,Simon,23,Negocios
687,Talon,29,Ciencias Humanas
688,Micah,29,Administracion en Hotelería y Turismo
689,Alfonso,22,Derecho
690,Colorado,27,Administracion en Hotelería y Turismo
691,Oren,27,Psicología
692,Mona,21,Economía
693,Sara,28,Educación
694,Doris,21,Comunicaciones
695,Emmanuel,19,Psicología
696,Nathaniel,30,Psicología
697,Alexander,24,Economía
698,Jarrod,18,Educación
699,Lacy,25,Ingeniería
700,Yardley,23,Educación
701,Fatima,29,Ingeniería
702,Maris,27,Administracion en Hotelería y Turismo
703,Wynne,20,Comunicaciones
704,Imani,25,Educación
705,Rachel,18,Negocios
706,Maryam,28,Arquitectura
707,Octavius,18,Psicología
708,Lani,27,Administracion en Hotelería y Turismo
709,Brock,22,Administracion en Hotelería y Turismo
710,Phillip,21,Arquitectura
711,Linda,25,Ingeniería
712,Louis,28,Ingeniería
713,Sydnee,20,Psicología
714,Reagan,26,Economía
715,Baxter,19,Negocios
716,Alice,25,Comunicaciones
717,Jonah,20,Administracion en Hotelería y Turismo
718,Sophia,22,Administracion en Hotelería y Turismo
719,Carla,22,Economía
720,Ciaran,21,Ingeniería
721,Emmanuel,24,Comunicaciones
722,Colton,27,Diseño
723,Cody,18,Comunicaciones
724,Savannah,26,Negocios
725,Jesse,21,Arquitectura
726,Odysseus,18,Ingeniería
727,Darryl,25,Administracion en Hotelería y Turismo
728,Adrienne,25,Ingeniería
729,Amal,22,Comunicaciones
730,Lewis,28,Artes Contemporáneas
731,Signe,22,Comunicaciones
732,Raja,19,Ciencias de la Salud
733,Cade,26,Economía
734,Byron,18,Educación
735,Rachel,26,Ciencias Humanas
736,Cruz,30,Administracion en Hotelería y Turismo
737,Quamar,18,Educación
738,Evan,30,Administracion en Hotelería y Turismo
739,Nerea,21,Administracion en Hotelería y Turismo
740,Orli,25,Economía
741,Wesley,26,Ingeniería
742,Hall,26,Educación
743,Katia,21,Artes Contemporáneas
744,Marcia,29,Artes Contemporáneas
745,Moana,19,Diseño
746,Scarlet,23,Psicología
747,Camille,24,Educación
748,Baxter,27,Arquitectura
749,Colette,24,Derecho
750,Adele,30,Ingeniería
751,Rachel,28,Diseño
752,Camilla,26,Arquitectura
753,Rachel,23,Educación
754,Jasper,29,Economía
755,Vincent,20,Ciencias de la Salud
756,Yardley,18,Ciencias Humanas
757,Candace,27,Administracion en Hotelería y Turismo
758,Savannah,29,Negocios
759,Signe,22,Administracion en Hotelería y Turismo
760,Adara,27,Ingeniería
761,Aiko,29,Derecho
762,September,30,Ciencias de la Salud
763,Jarrod,29,Comunicaciones
764,Trevor,18,Arquitectura
765,Tobias,18,Educación
766,Hamilton,27,Comunicaciones
767,Berk,27,Psicología
768,Amos,30,Administracion en Hotelería y Turismo
769,Demetrius,29,Artes Contemporáneas
770,Hammett,29,Administracion en Hotelería y Turismo
771,Gray,25,Ingeniería
772,Harlan,22,Ingeniería
773,Lilah,19,Negocios
774,Colin,18,Artes Contemporáneas
775,Donna,28,Artes Contemporáneas
776,Willa,26,Negocios
777,Graham,29,Diseño
778,Leonard,18,Ingeniería
779,Ava,24,Arquitectura
780,Quinlan,25,Diseño
781,Nichole,28,Educación
782,Talon,24,Educación
783,Mannix,21,Psicología
784,Joan,28,Administracion en Hotelería y Turismo
785,Robin,26,Ciencias Humanas
786,Molly,30,Derecho
787,Joshua,24,Ciencias Humanas
788,Micah,22,Psicología
789,Linda,18,Diseño
790,MacKensie,21,Ciencias de la Salud
791,Kieran,21,Artes Contemporáneas
792,Kamal,28,Derecho
793,Kylynn,27,Diseño
794,Constance,20,Ingeniería
795,Candice,20,Ciencias Humanas
796,Maxwell,26,Diseño
797,Isadora,22,Derecho
798,Bernard,20,Ciencias Humanas
799,Jack,21,Ingeniería
800,Emi,19,Ciencias Humanas
801,Adele,20,Negocios
802,MacKensie,25,Diseño
803,Devin,28,Artes Contemporáneas
804,Eve,21,Artes Contemporáneas
805,Whitney,21,Ingeniería
806,Lilah,21,Comunicaciones
807,Quyn,24,Arquitectura
808,Marsden,23,Psicología
809,Baker,21,Derecho
810,Drake,30,Diseño
811,Desiree,29,Ciencias de la Salud
812,Stuart,23,Ingeniería
813,Evan,25,Negocios
814,Ralph,24,Arquitectura
815,Bert,27,Economía
816,Evan,20,Economía
817,Sheila,28,Comunicaciones
818,Lewis,25,Educación
819,Sylvester,23,Negocios
820,Paula,28,Ciencias Humanas
821,Baker,24,Administracion en Hotelería y Turismo
822,Susan,30,Economía
823,Maris,25,Negocios
824,Madeline,26,Economía
825,Carolyn,23,Diseño
826,Margaret,27,Comunicaciones
827,Eliana,18,Administracion en Hotelería y Turismo
828,Chancellor,20,Negocios
829,Jack,21,Arquitectura
830,Lenore,27,Arquitectura
831,Colin,19,Comunicaciones
832,Keegan,18,Ciencias de la Salud
833,Keefe,23,Economía
834,Harding,18,Economía
835,Akeem,29,Educación
836,Emerson,30,Ciencias Humanas
837,Dillon,29,Administracion en Hotelería y Turismo
838,Pamela,18,Educación
839,Peter,23,Negocios
840,Kaitlin,21,Ingeniería
841,Shoshana,29,Administracion en Hotelería y Turismo
842,Reagan,22,Negocios
843,Nerea,24,Derecho
844,Raja,21,Derecho
845,Baxter,21,Ingeniería
846,Zorita,20,Educación
847,Gil,19,Diseño
848,Kelly,22,Artes Contemporáneas
849,Jorden,30,Negocios
850,Aimee,29,Diseño
851,Giselle,26,Arquitectura
852,Quon,28,Derecho
853,Jesse,24,Diseño
854,Yolanda,30,Psicología
855,Gay,26,Artes Contemporáneas
856,Keefe,19,Comunicaciones
857,Wang,30,Ciencias de la Salud
858,Gabriel,20,Ciencias de la Salud
859,Adam,26,Ingeniería
860,Scarlet,22,Ciencias Humanas
861,Gretchen,22,Economía
862,Maryam,20,Administracion en Hotelería y Turismo
863,Josephine,22,Educación
864,Mona,22,Ciencias Humanas
865,Michelle,25,Economía
866,Leigh,26,Psicología
867,Margaret,28,Educación
868,Plato,19,Ingeniería
869,Gabriel,26,Comunicaciones
870,Finn,21,Ciencias Humanas
871,Dillon,23,Artes Contemporáneas
872,Kieran,29,Ciencias Humanas
873,Aimee,25,Negocios
874,Tanisha,20,Arquitectura
875,Desirae,21,Ciencias Humanas
876,Xavier,22,Educación
877,Jena,22,Comunicaciones
878,Jocelyn,27,Ciencias de la Salud
879,Joshua,29,Derecho
880,Allistair,22,Administracion en Hotelería y Turismo
881,Louis,21,Arquitectura
882,Ebony,29,Psicología
883,Alfonso,22,Psicología
884,Hadassah,27,Ciencias de la Salud
885,Chester,21,Psicología
886,Bertha,21,Diseño
887,Jada,27,Artes Contemporáneas
888,Allistair,25,Ciencias Humanas
889,Destiny,21,Derecho
890,Ruby,23,Psicología
891,Bethany,21,Comunicaciones
892,Pearl,24,Ingeniería
893,Phelan,19,Ciencias Humanas
894,Alexis,29,Artes Contemporáneas
895,Melanie,22,Comunicaciones
896,Gabriel,20,Ciencias de la Salud
897,Glenna,25,Arquitectura
898,Tobias,24,Administracion en Hotelería y Turismo
899,Brock,25,Comunicaciones
900,Elliott,27,Psicología
901,Talon,27,Ingeniería
902,Jada,30,Derecho
903,Lynn,26,Comunicaciones
904,Briar,25,Ciencias de la Salud
905,Timon,23,Ciencias Humanas
906,Yolanda,24,Ciencias de la Salud
907,Maia,22,Comunicaciones
908,Hilel,18,Derecho
909,Amela,20,Psicología
910,Mannix,23,Educación
911,Paula,18,Negocios
912,Thor,28,Derecho
913,Alice,29,Administracion en Hotelería y Turismo
914,Madeson,19,Arquitectura
915,Keaton,22,Ingeniería
916,Mannix,25,Psicología
917,Christian,21,Ingeniería
918,Medge,26,Negocios
919,Oren,21,Negocios
920,Philip,27,Economía
921,Sylvia,23,Administracion en Hotelería y Turismo
922,Ebony,22,Educación
923,Bethany,22,Administracion en Hotelería y Turismo
924,Charity,19,Diseño
925,Caesar,22,Psicología
926,Medge,19,Psicología
927,Calvin,21,Ciencias de la Salud
928,Maryam,30,Administracion en Hotelería y Turismo
929,Micah,18,Educación
930,Dolan,22,Administracion en Hotelería y Turismo
931,Hadassah,24,Ciencias de la Salud
932,Kirsten,27,Artes Contemporáneas
933,Herman,19,Negocios
934,Addison,27,Diseño
935,Baxter,20,Derecho
936,Hop,27,Ciencias de la Salud
937,Yolanda,24,Educación
938,Naomi,22,Economía
939,Marsden,23,Psicología
940,Oren,24,Ciencias Humanas
941,Constance,28,Educación
942,Amir,19,Ingeniería
943,Colorado,24,Negocios
944,Shoshana,22,Psicología
945,Scarlet,18,Diseño
946,Herman,21,Artes Contemporáneas
947,Adam,20,Negocios
948,Clinton,26,Educación
949,Xena,26,Economía
950,Keegan,23,Psicología
951,Phelan,28,Psicología
952,Logan,18,Psicología
953,Malik,30,Arquitectura
954,Carolyn,23,Psicología
955,Cairo,18,Artes Contemporáneas
956,Maile,30,Economía
957,Desirae,28,Psicología
958,Callie,27,Administracion en Hotelería y Turismo
959,Zephr,30,Arquitectura
960,Nero,27,Negocios
961,Len,20,Comunicaciones
962,Alexandra,20,Derecho
963,Kelly,21,Educación
964,Germane,28,Arquitectura
965,Micah,28,Derecho
966,Armando,25,Arquitectura
967,Tobias,21,Ciencias Humanas
968,Kato,21,Ciencias Humanas
969,Brett,26,Arquitectura
970,Kerry,27,Ingeniería
971,McKenzie,23,Ingeniería
972,Adara,24,Arquitectura
973,Darius,28,Ciencias de la Salud
974,Axel,23,Arquitectura
975,Candice,25,Comunicaciones
976,Stephen,30,Ciencias de la Salud
977,Talon,28,Ingeniería
978,Cairo,24,Administracion en Hotelería y Turismo
979,Amena,21,Arquitectura
980,Brock,25,Comunicaciones
981,Simon,21,Administracion en Hotelería y Turismo
982,Gillian,20,Ciencias Humanas
983,Coby,24,Economía
984,Alexander,23,Derecho
985,Alyssa,27,Negocios
986,Kylynn,24,Psicología
987,Hermione,25,Educación
988,Cadman,25,Ciencias de la Salud
989,Otto,25,Ciencias Humanas
990,Summer,27,Economía
991,Leo,26,Psicología
992,Simon,21,Ciencias Humanas
993,Candice,23,Comunicaciones
994,Lana,27,Diseño
995,Justine,28,Ciencias Humanas
996,Bree,24,Artes Contemporáneas
997,Evan,23,Psicología
998,Kennedy,18,Derecho
999,Reece,25,Arquitectura
1000,Lilah,24,Ciencias de la Salud
1001,Nichole,28,Economía
1002,Talon,27,Diseño
1003,Gil,29,Economía
1004,Sophia,23,Administracion en Hotelería y Turismo
1005,Talon,19,Artes Contemporáneas
1006,Adam,26,Comunicaciones
1007,Iona,25,Negocios
1008,Venus,18,Psicología
1009,Michelle,23,Psicología
1010,Chester,18,Artes Contemporáneas
1011,Vladimir,18,Economía
1012,Rina,30,Derecho
1013,Jaquelyn,18,Ciencias Humanas
1014,Brielle,30,Artes Contemporáneas
1015,Karyn,23,Psicología
1016,Nigel,28,Negocios
1017,Lev,19,Artes Contemporáneas
1018,Echo,30,Ingeniería
1019,Melanie,23,Administracion en Hotelería y Turismo
1020,Bert,19,Derecho
1021,Aretha,30,Arquitectura
1022,Tanner,25,Derecho
1023,Pamela,19,Administracion en Hotelería y Turismo
1024,Elton,18,Artes Contemporáneas
1025,Zachery,22,Ciencias de la Salud
1026,Jade,29,Negocios
1027,Brenda,25,Derecho
1028,Vladimir,19,Psicología
1029,Brenda,22,Derecho
1030,Quamar,24,Economía
1031,Rafael,22,Ciencias Humanas
1032,Abigail,27,Administracion en Hotelería y Turismo
1033,Wesley,24,Economía
1034,Kerry,30,Artes Contemporáneas
1035,Hyatt,28,Economía
1036,Hall,20,Derecho
1037,Callie,18,Educación
1038,Xena,19,Arquitectura
1039,Arthur,21,Ingeniería
1040,Graiden,29,Administracion en Hotelería y Turismo
1041,Caleb,24,Negocios
1042,Bree,20,Ciencias Humanas
1043,Beck,27,Psicología
1044,Charissa,26,Ciencias de la Salud
1045,Jada,27,Diseño
1046,Karina,23,Negocios
1047,Mariam,25,Ciencias Humanas
1048,Sara,23,Economía
1049,Ann,29,Educación
1050,Maryam,29,Arquitectura
1051,Aimee,30,Psicología
1052,Upton,23,Educación
1053,Elvis,29,Ingeniería
1054,Warren,20,Arquitectura
1055,Harper,23,Diseño
1056,Zephr,20,Economía
1057,Kareem,27,Diseño
1058,Dexter,26,Negocios
1059,Caesar,20,Diseño
1060,Idona,18,Administracion en Hotelería y Turismo
1061,Oleg,19,Ingeniería
1062,Eugenia,18,Psicología
1063,Wynne,26,Economía
1064,Armand,28,Comunicaciones
1065,Amy,25,Economía
1066,Ayanna,18,Ciencias Humanas
1067,Sylvia,20,Administracion en Hotelería y Turismo
1068,Fuller,19,Ciencias Humanas
1069,Fiona,19,Educación
1070,Dillon,30,Economía
1071,Kenyon,18,Educación
1072,Wesley,29,Administracion en Hotelería y Turismo
1073,Curran,18,Psicología
1074,Harriet,23,Economía
1075,Zachery,29,Artes Contemporáneas
1076,Mara,25,Ciencias de la Salud
1077,Rigel,29,Ciencias Humanas
1078,Letizia,25,Negocios
1079,Kylan,26,Diseño
1080,Signe,25,Diseño
1081,Liberty,30,Ciencias de la Salud
1082,Tobias,18,Administracion en Hotelería y Turismo
1083,Quamar,22,Arquitectura
1084,Rafael,21,Negocios
1085,Seth,30,Comunicaciones
1086,Rina,22,Arquitectura
1087,Daria,24,Ciencias Humanas
1088,Upton,18,Derecho
1089,Cameron,27,Ciencias de la Salud
1090,Jordan,24,Ciencias Humanas
1091,Allistair,25,Ciencias de la Salud
1092,Reece,23,Negocios
1093,Coby,24,Psicología
1094,Eugenia,19,Arquitectura
1095,Quyn,20,Economía
1096,Freya,22,Ciencias de la Salud
1097,Cynthia,20,Ingeniería
1098,Stuart,28,Administracion en Hotelería y Turismo
1099,Hayfa,26,Artes Contemporáneas
1100,Amal,30,Arquitectura
1101,Constance,26,Psicología
1102,Alice,28,Economía
1103,Jorden,20,Ingeniería
1104,Eliana,19,Comunicaciones
1105,Edward,20,Administracion en Hotelería y Turismo
1106,Alec,29,Diseño
1107,Ralph,27,Ingeniería
1108,Fritz,20,Negocios
1109,Demetria,30,Administracion en Hotelería y Turismo
1110,Leo,29,Derecho
1111,Chancellor,23,Ingeniería
1112,Bree,19,Comunicaciones
1113,Oren,18,Derecho
1114,Justine,23,Ciencias Humanas
1115,Garth,25,Negocios
1116,Cynthia,30,Artes Contemporáneas
1117,Christian,28,Administracion en Hotelería y Turismo
1118,Joshua,19,Ingeniería
1119,Allistair,27,Derecho
1120,Rachel,26,Comunicaciones
1121,Phillip,20,Ingeniería
1122,Kaitlin,20,Ingeniería
1123,Maxine,22,Psicología
1124,Blaze,27,Ciencias Humanas
1125,Morgan,23,Ciencias de la Salud
1126,Sean,20,Negocios
1127,Elvis,27,Educación
1128,Harding,19,Comunicaciones
1129,Janna,26,Administracion en Hotelería y Turismo
1130,Owen,29,Arquitectura
1131,Glenna,18,Negocios
1132,Julian,25,Derecho
1133,Leo,28,Comunicaciones
1134,Teagan,25,Derecho
1135,Gabriel,25,Comunicaciones
1136,Burton,27,Ingeniería
1137,Kimberley,21,Educación
1138,Cathleen,29,Negocios
1139,Jasmine,23,Ciencias Humanas
1140,Lane,22,Ciencias de la Salud
1141,Oprah,22,Psicología
1142,Risa,30,Derecho
1143,Devin,29,Negocios
1144,Drake,24,Negocios
1145,Christian,28,Derecho
1146,Harding,22,Derecho
1147,Jorden,30,Arquitectura
1148,Lani,28,Ingeniería
1149,Sydnee,26,Ciencias de la Salud
1150,Tanek,18,Diseño
1151,Juliet,20,Comunicaciones
1152,Jasper,29,Ingeniería
1153,Berk,26,Psicología
1154,Faith,22,Negocios
1155,Tate,23,Negocios
1156,Candace,28,Arquitectura
1157,Quamar,21,Diseño
1158,Aidan,29,Negocios
1159,Levi,30,Negocios
1160,Nevada,19,Negocios
1161,Faith,22,Educación
1162,Benjamin,18,Ingeniería
1163,Mufutau,22,Negocios
1164,MacKensie,22,Derecho
1165,Cecilia,23,Educación
1166,Bethany,19,Derecho
1167,Amena,26,Diseño
1168,Savannah,19,Ciencias Humanas
1169,Zahir,23,Economía
1170,Darryl,19,Ciencias de la Salud
1171,Mannix,21,Psicología
1172,Alan,22,Educación
1173,Neville,23,Comunicaciones
1174,Glenna,23,Ingeniería
1175,Charity,18,Artes Contemporáneas
1176,Adrienne,28,Ciencias de la Salud
1177,Kirsten,29,Psicología
1178,Tobias,20,Ciencias de la Salud
1179,Kenneth,21,Administracion en Hotelería y Turismo
1180,Hakeem,19,Derecho
1181,Ralph,23,Psicología
1182,Emerson,30,Negocios
1183,Ann,29,Arquitectura
1184,Scarlet,18,Administracion en Hotelería y Turismo
1185,Michael,26,Administracion en Hotelería y Turismo
1186,Giacomo,21,Economía
1187,Wesley,25,Economía
1188,Philip,23,Administracion en Hotelería y Turismo
1189,Bryar,22,Economía
1190,Emmanuel,20,Ciencias Humanas
1191,Armand,19,Comunicaciones
1192,Michael,21,Ciencias de la Salud
1193,Calvin,18,Economía
1194,Leonard,28,Negocios
1195,Pearl,20,Diseño
1196,Owen,26,Arquitectura
1197,Kaitlin,22,Economía
1198,Roth,18,Psicología
1199,Raya,25,Educación
1200,Hadassah,25,Derecho
1201,Jorden,25,Administracion en Hotelería y Turismo
1202,Leslie,25,Arquitectura
1203,Clinton,24,Educación
1204,MacKensie,23,Comunicaciones
1205,Venus,24,Administracion en Hotelería y Turismo
1206,Kareem,19,Educación
1207,Rebecca,23,Negocios
1208,Vladimir,27,Ciencias Humanas
1209,Baker,21,Economía
1210,Camille,19,Educación
1211,Cruz,21,Psicología
1212,Elvis,18,Economía
1213,Rachel,25,Ciencias Humanas
1214,Oliver,18,Ciencias de la Salud
1215,Jeremy,24,Administracion en Hotelería y Turismo
1216,Gillian,18,Derecho
1217,Jack,18,Negocios
1218,Margaret,21,Educación
1219,Jena,26,Economía
1220,Moana,24,Psicología
1221,Adrienne,20,Psicología
1222,Adria,21,Educación
1223,Kelsie,24,Derecho
1224,Chancellor,30,Psicología
1225,Tobias,27,Diseño
1226,Eliana,27,Arquitectura
1227,Talon,23,Artes Contemporáneas
1228,Hasad,27,Ciencias de la Salud
1229,Jonah,24,Educación
1230,Brett,27,Ingeniería
1231,Nigel,30,Ciencias Humanas
1232,Louis,20,Negocios
1233,George,19,Ingeniería
1234,Hayfa,26,Negocios
1235,Hammett,30,Diseño
1236,Roth,28,Arquitectura
1237,Phyllis,28,Negocios
1238,Aimee,25,Diseño
1239,Stuart,20,Economía
1240,Kessie,27,Diseño
1241,Tamara,21,Ingeniería
1242,Keegan,24,Economía
1243,Porter,27,Ciencias Humanas
1244,Lyle,26,Psicología
1245,Winifred,26,Ciencias Humanas
1246,September,19,Economía
1247,Mechelle,27,Arquitectura
1248,Axel,29,Ciencias Humanas
1249,Colorado,29,Artes Contemporáneas
1250,Allegra,25,Ciencias de la Salud
1251,Noble,28,Ciencias de la Salud
1252,Micah,30,Administracion en Hotelería y Turismo
1253,Dillon,28,Ingeniería
1254,Amanda,21,Psicología
1255,Odysseus,18,Ciencias de la Salud
1256,Reece,21,Artes Contemporáneas
1257,Sade,21,Artes Contemporáneas
1258,Ulla,19,Ciencias de la Salud
1259,Logan,19,Economía
1260,Quynn,21,Administracion en Hotelería y Turismo
1261,Sheila,21,Ciencias Humanas
1262,Hamilton,23,Administracion en Hotelería y Turismo
1263,Cadman,26,Psicología
1264,Omar,30,Educación
1265,Kirk,20,Ingeniería
1266,Reagan,29,Economía
1267,Mona,27,Artes Contemporáneas
1268,Freya,19,Administracion en Hotelería y Turismo
1269,Jennifer,22,Economía
1270,Amos,21,Economía
1271,Emmanuel,26,Ciencias de la Salud
1272,Glenna,28,Negocios
1273,Rose,18,Administracion en Hotelería y Turismo
1274,Eugenia,25,Ciencias de la Salud
1275,Chandler,29,Administracion en Hotelería y Turismo
1276,Mari,28,Economía
1277,Arthur,20,Comunicaciones
1278,Joshua,20,Administracion en Hotelería y Turismo
1279,Isadora,19,Economía
1280,Baker,22,Ciencias Humanas
1281,Fiona,24,Administracion en Hotelería y Turismo
1282,Yasir,22,Comunicaciones
1283,Ann,23,Administracion en Hotelería y Turismo
1284,Tallulah,20,Negocios
1285,Pearl,23,Ciencias de la Salud
1286,Orli,27,Negocios
1287,Ulysses,24,Psicología
1288,Aphrodite,28,Psicología
1289,Amir,24,Diseño
1290,Sacha,23,Administracion en Hotelería y Turismo
1291,Florence,24,Ciencias Humanas
1292,Maxwell,28,Comunicaciones
1293,Brady,23,Diseño
1294,Demetria,21,Derecho
1295,Quon,27,Administracion en Hotelería y Turismo
1296,Naomi,30,Ciencias de la Salud
1297,Hamilton,23,Administracion en Hotelería y Turismo
1298,Kelly,21,Diseño
1299,Ulla,20,Arquitectura
1300,Chantale,25,Negocios
1301,Nathaniel,30,Comunicaciones
1302,Quinn,23,Ciencias de la Salud
1303,Gil,21,Psicología
1304,Baxter,26,Derecho
1305,Honorato,27,Economía
1306,Amos,21,Ciencias de la Salud
1307,Fiona,24,Educación
1308,Kareem,28,Ingeniería
1309,Quemby,18,Comunicaciones
1310,Tobias,28,Psicología
1311,Rose,26,Educación
1312,Joan,30,Derecho
1313,Ignacia,19,Arquitectura
1314,Tatiana,29,Ingeniería
1315,Kermit,29,Educación
1316,Joan,24,Administracion en Hotelería y Turismo
1317,Callum,18,Psicología
1318,Talon,26,Ciencias Humanas
1319,Mara,28,Diseño
1320,Grant,20,Administracion en Hotelería y Turismo
1321,Sylvia,27,Administracion en Hotelería y Turismo
1322,Chaim,18,Educación
1323,Garrison,19,Ciencias de la Salud
1324,Thor,24,Psicología
1325,Rose,27,Administracion en Hotelería y Turismo
1326,Jorden,25,Psicología
1327,Calvin,20,Arquitectura
1328,Grant,23,Administracion en Hotelería y Turismo
1329,Stuart,23,Ciencias de la Salud
1330,Teagan,24,Ciencias de la Salud
1331,Phyllis,23,Comunicaciones
1332,Reuben,21,Diseño
1333,Garrison,24,Artes Contemporáneas
1334,Joshua,23,Ciencias de la Salud
1335,Joan,28,Arquitectura
1336,Tate,30,Artes Contemporáneas
1337,Keely,24,Arquitectura
1338,Lev,25,Economía
1339,Honorato,28,Ciencias Humanas
1340,Octavius,22,Comunicaciones
1341,Keegan,22,Educación
1342,Reece,27,Ciencias de la Salud
1343,Fiona,22,Artes Contemporáneas
1344,Alice,26,Comunicaciones
1345,Destiny,22,Economía
1346,Margaret,30,Economía
1347,Giacomo,26,Negocios
1348,Jaime,21,Ingeniería
1349,Brielle,29,Administracion en Hotelería y Turismo
1350,Dolan,30,Diseño
1351,Rajah,20,Derecho
1352,Mannix,23,Ingeniería
1353,Desirae,22,Ciencias de la Salud
1354,Tucker,23,Ingeniería
1355,Genevieve,28,Educación
1356,Sylvia,29,Ciencias de la Salud
1357,Arsenio,22,Educación
1358,Amity,26,Diseño
1359,Kirestin,23,Comunicaciones
1360,Amos,27,Administracion en Hotelería y Turismo
1361,Ainsley,26,Diseño
1362,Cameron,28,Educación
1363,Timon,19,Arquitectura
1364,Phelan,27,Ingeniería
1365,Lyle,23,Administracion en Hotelería y Turismo
1366,Claudia,28,Economía
1367,Inez,19,Artes Contemporáneas
1368,Kamal,19,Administracion en Hotelería y Turismo
1369,Leila,30,Comunicaciones
1370,Keegan,20,Artes Contemporáneas
1371,Ayanna,27,Educación
1372,Moana,20,Derecho
1373,Reuben,19,Educación
1374,Brian,21,Ciencias de la Salud
1375,Devin,23,Administracion en Hotelería y Turismo
1376,Chelsea,21,Administracion en Hotelería y Turismo
1377,Michelle,25,Comunicaciones
1378,Lucian,30,Psicología
1379,Sean,19,Ingeniería
1380,Timon,27,Artes Contemporáneas
1381,Garrison,20,Educación
1382,Fatima,24,Diseño
1383,Mannix,28,Comunicaciones
1384,Vincent,27,Artes Contemporáneas
1385,Dora,25,Economía
1386,Stuart,20,Ciencias de la Salud
1387,Brielle,21,Administracion en Hotelería y Turismo
1388,Kristen,18,Psicología
1389,Camilla,27,Negocios
1390,Peter,25,Arquitectura
1391,Aretha,25,Comunicaciones
1392,Leah,19,Ciencias de la Salud
1393,Noble,26,Artes Contemporáneas
1394,Gillian,28,Diseño
1395,Tanner,29,Artes Contemporáneas
1396,Tanner,29,Negocios
1397,Latifah,30,Administracion en Hotelería y Turismo
1398,Hall,19,Economía
1399,Nero,28,Comunicaciones
1400,Callie,23,Arquitectura
1401,Nichole,19,Derecho
1402,Sharon,30,Ingeniería
1403,Yvette,25,Negocios
1404,Morgan,20,Arquitectura
1405,Akeem,30,Ciencias Humanas
1406,Mari,25,Comunicaciones
1407,Hilary,27,Derecho
1408,Hilary,24,Diseño
1409,Kerry,28,Educación
1410,Destiny,18,Administracion en Hotelería y Turismo
1411,Stuart,18,Ingeniería
1412,Gretchen,23,Ingeniería
1413,Demetrius,28,Comunicaciones
1414,Aquila,19,Artes Contemporáneas
1415,Lewis,24,Comunicaciones
1416,Tamara,25,Derecho
1417,Arthur,22,Negocios
1418,Boris,22,Educación
1419,Wendy,27,Derecho
1420,Deborah,20,Diseño
1421,Hunter,20,Derecho
1422,Hilary,20,Educación
1423,Bethany,26,Arquitectura
1424,Philip,18,Economía
1425,Armand,24,Diseño
1426,Josephine,24,Psicología
1427,Stephen,18,Ciencias Humanas
1428,Calvin,24,Ingeniería
1429,Caesar,28,Economía
1430,Cody,20,Administracion en Hotelería y Turismo
1431,Hayfa,26,Educación
1432,Brian,23,Arquitectura
1433,Teegan,20,Arquitectura
1434,Michael,24,Artes Contemporáneas
1435,Scarlett,29,Administracion en Hotelería y Turismo
1436,Bianca,22,Arquitectura
1437,Maile,23,Economía
1438,Jerry,30,Derecho
1439,Otto,21,Comunicaciones
1440,Kamal,23,Ciencias de la Salud
1441,Akeem,21,Administracion en Hotelería y Turismo
1442,Stacy,26,Economía
1443,Amena,23,Ciencias Humanas
1444,Wanda,22,Derecho
1445,Kareem,27,Comunicaciones
1446,Garrett,20,Artes Contemporáneas
1447,Shelley,18,Artes Contemporáneas
1448,Timon,27,Psicología
1449,Thane,19,Negocios
1450,Tatiana,27,Educación
1451,Austin,19,Economía
1452,Jonah,24,Ciencias de la Salud
1453,Maite,27,Derecho
1454,Althea,27,Derecho
1455,Talon,21,Artes Contemporáneas
1456,Amanda,19,Economía
1457,Alika,26,Educación
1458,Keaton,21,Ingeniería
1459,Leo,23,Ingeniería
1460,Jaime,25,Negocios
1461,Baker,23,Ciencias Humanas
1462,Tatiana,30,Administracion en Hotelería y Turismo
1463,Sophia,20,Diseño
1464,Elliott,19,Ingeniería
1465,Allistair,23,Negocios
1466,Otto,29,Ingeniería
1467,Bevis,25,Derecho
1468,Alea,27,Ciencias de la Salud
1469,Martina,23,Administracion en Hotelería y Turismo
1470,Phyllis,30,Psicología
1471,Hyacinth,25,Administracion en Hotelería y Turismo
1472,Mariam,29,Diseño
1473,Joshua,30,Psicología
1474,Darius,26,Economía
1475,September,26,Derecho
1476,Maryam,19,Psicología
1477,Ferris,24,Psicología
1478,Winifred,23,Arquitectura
1479,Charity,29,Administracion en Hotelería y Turismo
1480,Madeline,20,Arquitectura
1481,Phelan,22,Derecho
1482,James,30,Derecho
1483,Chase,27,Ciencias de la Salud
1484,Yolanda,18,Ciencias de la Salud
1485,Kirk,24,Educación
1486,Orla,30,Comunicaciones
1487,Courtney,20,Arquitectura
1488,Jena,27,Administracion en Hotelería y Turismo
1489,Giacomo,19,Ingeniería
1490,Juliet,25,Ciencias Humanas
1491,Ira,19,Economía
1492,Madeline,26,Ingeniería
1493,Devin,30,Arquitectura
1494,Sonia,21,Ciencias de la Salud
1495,Madaline,18,Arquitectura
1496,Hamilton,24,Ingeniería
1497,Winifred,23,Artes Contemporáneas
1498,Dolan,26,Administracion en Hotelería y Turismo
1499,Malachi,23,Ciencias de la Salud
1500,Allistair,20,Ingeniería